Date,Bid Price
05/06/2019,1.13
05/03/2019,1.12
05/02/2019,1.12
05/01/2019,1.11
04/30/2019,1.11
04/29/2019,1.1
04/26/2019,1.1
04/25/2019,1.1
04/24/2019,1.1
04/23/2019,1.11
04/22/2019,1.11
04/18/2019,1.1
04/17/2019,1.09
04/16/2019,1.09
04/15/2019,1.09
04/12/2019,1.1
04/11/2019,1.12
04/10/2019,1.14
04/09/2019,1.15
04/08/2019,1.15
04/05/2019,1.16
04/04/2019,1.17
04/03/2019,1.18
04/02/2019,1.19
04/01/2019,1.19
03/29/2019,1.19
03/28/2019,1.19
03/27/2019,1.19
03/26/2019,1.18
03/25/2019,1.19
03/22/2019,1.19
03/21/2019,1.18
03/20/2019,1.2
03/19/2019,1.19
03/18/2019,1.19
03/15/2019,1.2
03/14/2019,1.21
03/13/2019,1.21
03/12/2019,1.21
03/11/2019,1.22
03/08/2019,1.23
03/07/2019,1.22
03/06/2019,1.21
03/05/2019,1.2
03/04/2019,1.2
03/01/2019,1.2
02/28/2019,1.21
02/27/2019,1.23
02/26/2019,1.23
02/25/2019,1.24
02/22/2019,1.25
02/21/2019,1.25
02/20/2019,1.25
02/19/2019,1.25
02/15/2019,1.25
02/14/2019,1.26
02/13/2019,1.24
02/12/2019,1.25
02/11/2019,1.26
02/08/2019,1.26
02/07/2019,1.26
02/06/2019,1.24
02/05/2019,1.23
02/04/2019,1.25
02/01/2019,1.27
01/31/2019,1.28
01/30/2019,1.3
01/29/2019,1.31
01/28/2019,1.32
01/25/2019,1.32
01/24/2019,1.34
01/23/2019,1.35
01/22/2019,1.37
01/18/2019,1.38
01/17/2019,1.43
01/16/2019,1.44
01/15/2019,1.47
01/14/2019,1.47
01/11/2019,1.47
01/10/2019,1.48
01/09/2019,1.48
01/08/2019,1.51
01/07/2019,1.53
01/04/2019,1.55
01/03/2019,1.57
01/02/2019,1.54
12/31/2018,1.53
12/28/2018,1.52
12/27/2018,1.52
12/26/2018,1.5
12/24/2018,1.5
12/21/2018,1.48
12/20/2018,1.46
12/19/2018,1.43
12/18/2018,1.42
12/17/2018,1.41
12/14/2018,1.4
12/13/2018,1.4
12/12/2018,1.42
12/11/2018,1.44
12/10/2018,1.45
12/07/2018,1.45
12/06/2018,1.45
12/04/2018,1.4
12/03/2018,1.37
11/30/2018,1.37
11/29/2018,1.35
11/28/2018,1.34
11/27/2018,1.33
11/26/2018,1.31
11/23/2018,1.31
11/21/2018,1.31
11/20/2018,1.32
11/19/2018,1.3
11/16/2018,1.28
11/15/2018,1.28
11/14/2018,1.22
11/13/2018,1.19
11/09/2018,1.15
11/08/2018,1.14
11/07/2018,1.13
11/06/2018,1.15
11/05/2018,1.16
11/02/2018,1.17
11/01/2018,1.19
10/31/2018,1.18
10/30/2018,1.18
10/29/2018,1.17
10/26/2018,1.17
10/25/2018,1.16
10/24/2018,1.15
10/23/2018,1.14
10/22/2018,1.11
10/19/2018,1.11
10/18/2018,1.11
10/17/2018,1.1
10/16/2018,1.09
10/15/2018,1.09
10/12/2018,1.09
10/11/2018,1.08
10/10/2018,1.07
10/09/2018,1.06
10/05/2018,1.05
10/04/2018,1.05
10/03/2018,1.05
10/02/2018,1.05
10/01/2018,1.05
09/28/2018,1.06
09/27/2018,1.06
09/26/2018,1.07
09/25/2018,1.06
09/24/2018,1.07
09/21/2018,1.06
09/20/2018,1.06
09/19/2018,1.08
09/18/2018,1.08
09/17/2018,1.08
09/14/2018,1.09
09/13/2018,1.1
09/12/2018,1.11
09/11/2018,1.11
09/10/2018,1.13
09/07/2018,1.13
09/06/2018,1.14
09/05/2018,1.15
09/04/2018,1.14
08/31/2018,1.14
08/30/2018,1.13
08/29/2018,1.12
08/28/2018,1.12
08/27/2018,1.12
08/24/2018,1.12
08/23/2018,1.12
08/22/2018,1.12
08/21/2018,1.11
08/20/2018,1.12
08/17/2018,1.12
08/16/2018,1.12
08/15/2018,1.13
08/14/2018,1.12
08/13/2018,1.13
08/10/2018,1.12
08/09/2018,1.1
08/08/2018,1.08
08/07/2018,1.07
08/06/2018,1.08
08/03/2018,1.09
08/02/2018,1.09
08/01/2018,1.09
07/31/2018,1.09
07/30/2018,1.1
07/27/2018,1.1
07/26/2018,1.11
07/25/2018,1.13
07/24/2018,1.13
07/23/2018,1.15
07/20/2018,1.17
07/19/2018,1.17
07/18/2018,1.17
07/17/2018,1.17
07/16/2018,1.17
07/13/2018,1.18
07/12/2018,1.19
07/11/2018,1.19
07/10/2018,1.19
07/09/2018,1.2
07/06/2018,1.22
07/05/2018,1.22
07/03/2018,1.24
07/02/2018,1.24
06/29/2018,1.23
06/28/2018,1.24
06/27/2018,1.24
06/26/2018,1.24
06/25/2018,1.24
06/22/2018,1.23
06/21/2018,1.22
06/20/2018,1.19
06/19/2018,1.18
06/18/2018,1.17
06/15/2018,1.15
06/14/2018,1.15
06/13/2018,1.15
06/12/2018,1.15
06/11/2018,1.15
06/08/2018,1.16
06/07/2018,1.15
06/06/2018,1.14
06/05/2018,1.15
06/04/2018,1.14
06/01/2018,1.15
05/31/2018,1.15
05/30/2018,1.15
05/29/2018,1.14
05/25/2018,1.11
05/24/2018,1.09
05/23/2018,1.09
05/22/2018,1.08
05/21/2018,1.09
05/18/2018,1.09
05/17/2018,1.09
05/16/2018,1.08
05/15/2018,1.09
05/14/2018,1.08
05/11/2018,1.09
05/10/2018,1.11
05/09/2018,1.11
05/08/2018,1.12
05/07/2018,1.12
05/04/2018,1.12
05/03/2018,1.11
05/02/2018,1.1
05/01/2018,1.1
04/30/2018,1.08
04/27/2018,1.08
04/26/2018,1.08
04/25/2018,1.07
04/24/2018,1.06
04/23/2018,1.07
04/20/2018,1.06
04/19/2018,1.06
04/18/2018,1.05
04/17/2018,1.05
04/16/2018,1.05
04/13/2018,1.06
04/12/2018,1.06
04/11/2018,1.07
04/10/2018,1.07
04/09/2018,1.08
04/06/2018,1.09
04/05/2018,1.07
04/04/2018,1.09
04/03/2018,1.09
04/02/2018,1.1
03/29/2018,1.09
03/28/2018,1.1
03/27/2018,1.1
03/26/2018,1.1
03/23/2018,1.1
03/22/2018,1.09
03/21/2018,1.06
03/20/2018,1.05
03/19/2018,1.05
03/16/2018,1.04
03/15/2018,1.06
03/14/2018,1.05
03/13/2018,1.03
03/12/2018,1.02
03/09/2018,1.01
03/08/2018,1
03/07/2018,1
03/06/2018,0.99
03/05/2018,0.99
03/02/2018,1
03/01/2018,0.99
02/28/2018,0.96
02/27/2018,0.95
02/26/2018,0.94
02/23/2018,0.95
02/22/2018,0.93
02/21/2018,0.93
02/20/2018,0.93
02/16/2018,0.93
02/15/2018,0.93
02/14/2018,0.94
02/13/2018,0.95
02/12/2018,0.92
02/09/2018,0.92
02/08/2018,0.88
02/07/2018,0.87
02/06/2018,0.88
02/05/2018,0.86
02/02/2018,0.85
02/01/2018,0.85
01/31/2018,0.86
01/30/2018,0.86
01/29/2018,0.86
01/26/2018,0.87
01/25/2018,0.88
01/24/2018,0.89
01/23/2018,0.9
01/22/2018,0.9
01/19/2018,0.9
01/18/2018,0.89
01/17/2018,0.89
01/16/2018,0.89
01/12/2018,0.9
01/11/2018,0.9
01/10/2018,0.9
01/09/2018,0.91
01/08/2018,0.92
01/05/2018,0.93
01/04/2018,0.94
01/03/2018,0.94
01/02/2018,0.94
12/29/2017,0.93
12/28/2017,0.93
12/27/2017,0.93
12/26/2017,0.93
12/22/2017,0.94
12/21/2017,0.94
12/20/2017,0.94
12/19/2017,0.94
12/18/2017,0.95
12/15/2017,0.95
12/14/2017,0.95
12/13/2017,0.96
12/12/2017,0.96
12/11/2017,0.96
12/08/2017,0.97
12/07/2017,0.97
12/06/2017,0.97
12/05/2017,0.96
12/04/2017,0.97
12/01/2017,0.98
11/30/2017,0.97
11/29/2017,0.98
11/28/2017,0.98
11/27/2017,0.99
11/24/2017,0.99
11/22/2017,0.99
11/21/2017,1
11/20/2017,1.01
11/17/2017,1.02
11/16/2017,1.02
11/15/2017,1.03
11/14/2017,1.02
11/13/2017,1.01
11/10/2017,1.01
11/09/2017,1
11/08/2017,0.99
11/07/2017,0.99
11/06/2017,0.98
11/03/2017,0.97
11/02/2017,0.96
11/01/2017,0.95
10/31/2017,0.95
10/30/2017,0.94
10/27/2017,0.94
10/26/2017,0.94
10/25/2017,0.94
10/24/2017,0.94
10/23/2017,0.95
10/20/2017,0.96
10/19/2017,0.97
10/18/2017,0.97
10/17/2017,0.98
10/16/2017,0.98
10/13/2017,0.98
10/12/2017,0.98
10/11/2017,0.98
10/10/2017,0.98
10/06/2017,0.98
10/05/2017,0.98
10/04/2017,0.99
10/03/2017,0.99
10/02/2017,1
09/29/2017,1.01
09/28/2017,1.03
09/27/2017,1.04
09/26/2017,1.05
09/25/2017,1.06
09/22/2017,1.06
09/21/2017,1.06
09/20/2017,1.06
09/19/2017,1.07
09/18/2017,1.08
09/15/2017,1.09
09/14/2017,1.1
09/13/2017,1.11
09/12/2017,1.11
09/11/2017,1.12
09/08/2017,1.13
09/07/2017,1.12
09/06/2017,1.11
09/05/2017,1.11
09/01/2017,1.1
08/31/2017,1.1
08/30/2017,1.1
08/29/2017,1.11
08/28/2017,1.1
08/25/2017,1.1
08/24/2017,1.1
08/23/2017,1.11
08/22/2017,1.1
08/21/2017,1.11
08/18/2017,1.1
08/17/2017,1.1
08/16/2017,1.09
08/15/2017,1.1
08/14/2017,1.11
08/11/2017,1.12
08/10/2017,1.1
08/09/2017,1.09
08/08/2017,1.06
08/07/2017,1.05
08/04/2017,1.05
08/03/2017,1.04
08/02/2017,1.03
08/01/2017,1.03
07/31/2017,1.02
07/28/2017,1.03
07/27/2017,1.02
07/26/2017,1.03
07/25/2017,1.03
07/24/2017,1.03
07/21/2017,1.04
07/20/2017,1.04
07/19/2017,1.04
07/18/2017,1.04
07/17/2017,1.05
07/14/2017,1.05
07/13/2017,1.05
07/12/2017,1.06
07/11/2017,1.06
07/10/2017,1.06
07/07/2017,1.07
07/06/2017,1.07
07/05/2017,1.08
07/03/2017,1.09
06/30/2017,1.09
06/29/2017,1.09
06/28/2017,1.1
06/27/2017,1.1
06/26/2017,1.11
06/23/2017,1.12
06/22/2017,1.12
06/21/2017,1.12
06/20/2017,1.12
06/19/2017,1.11
06/16/2017,1.12
06/15/2017,1.12
06/14/2017,1.12
06/13/2017,1.12
06/12/2017,1.13
06/09/2017,1.13
06/08/2017,1.13
06/07/2017,1.13
06/06/2017,1.13
06/05/2017,1.13
06/02/2017,1.14
06/01/2017,1.13
05/31/2017,1.13
05/30/2017,1.13
05/26/2017,1.13
05/25/2017,1.13
05/24/2017,1.13
05/23/2017,1.12
05/22/2017,1.12
05/19/2017,1.13
05/18/2017,1.13
05/17/2017,1.12
05/16/2017,1.11
05/15/2017,1.11
05/12/2017,1.12
05/11/2017,1.12
05/10/2017,1.13
05/09/2017,1.14
05/08/2017,1.15
05/05/2017,1.15
05/04/2017,1.15
05/03/2017,1.16
05/02/2017,1.16
05/01/2017,1.16
04/28/2017,1.16
04/27/2017,1.17
04/26/2017,1.17
04/25/2017,1.17
04/24/2017,1.18
04/21/2017,1.19
04/20/2017,1.19
04/19/2017,1.19
04/18/2017,1.19
04/17/2017,1.18
04/13/2017,1.19
04/12/2017,1.18
04/11/2017,1.18
04/10/2017,1.17
04/07/2017,1.18
04/06/2017,1.18
04/05/2017,1.18
04/04/2017,1.18
04/03/2017,1.18
03/31/2017,1.18
03/30/2017,1.17
03/29/2017,1.17
03/28/2017,1.17
03/27/2017,1.18
03/24/2017,1.18
03/23/2017,1.18
03/22/2017,1.18
03/21/2017,1.17
03/20/2017,1.17
03/17/2017,1.17
03/16/2017,1.16
03/15/2017,1.18
03/14/2017,1.17
03/13/2017,1.16
03/10/2017,1.16
03/09/2017,1.15
03/08/2017,1.14
03/07/2017,1.12
03/06/2017,1.11
03/03/2017,1.12
03/02/2017,1.12
03/01/2017,1.12
02/28/2017,1.15
02/27/2017,1.16
02/24/2017,1.18
02/23/2017,1.17
02/22/2017,1.18
02/21/2017,1.19
02/17/2017,1.19
02/16/2017,1.18
02/15/2017,1.18
02/14/2017,1.19
02/13/2017,1.2
02/10/2017,1.21
02/09/2017,1.21
02/08/2017,1.22
02/07/2017,1.21
02/06/2017,1.22
02/03/2017,1.21
02/02/2017,1.21
02/01/2017,1.21
01/31/2017,1.21
01/30/2017,1.2
01/27/2017,1.2
01/26/2017,1.2
01/25/2017,1.2
01/24/2017,1.21
01/23/2017,1.22
01/20/2017,1.22
01/19/2017,1.22
01/18/2017,1.22
01/17/2017,1.22
01/13/2017,1.22
01/12/2017,1.22
01/11/2017,1.22
01/10/2017,1.22
01/09/2017,1.22
01/06/2017,1.22
01/05/2017,1.22
01/04/2017,1.21
01/03/2017,1.22
12/30/2016,1.23
12/29/2016,1.22
12/28/2016,1.22
12/27/2016,1.22
12/23/2016,1.23
12/22/2016,1.23
12/21/2016,1.23
12/20/2016,1.23
12/19/2016,1.24
12/16/2016,1.24
12/15/2016,1.25
12/14/2016,1.24
12/13/2016,1.25
12/12/2016,1.26
12/09/2016,1.27
12/08/2016,1.27
12/07/2016,1.27
12/06/2016,1.28
12/05/2016,1.28
12/02/2016,1.29
12/01/2016,1.28
11/30/2016,1.29
11/29/2016,1.3
11/28/2016,1.3
11/25/2016,1.3
11/23/2016,1.3
11/22/2016,1.3
11/21/2016,1.3
11/18/2016,1.3
11/17/2016,1.29
11/16/2016,1.29
11/15/2016,1.28
11/14/2016,1.3
11/10/2016,1.3
11/09/2016,1.32
11/08/2016,1.34
11/07/2016,1.35
11/04/2016,1.36
11/03/2016,1.35
11/02/2016,1.35
11/01/2016,1.34
10/31/2016,1.32
10/28/2016,1.32
10/27/2016,1.31
10/26/2016,1.31
10/25/2016,1.3
10/24/2016,1.3
10/21/2016,1.3
10/20/2016,1.29
10/19/2016,1.29
10/18/2016,1.3
10/17/2016,1.3
10/14/2016,1.31
10/13/2016,1.32
10/12/2016,1.32
10/11/2016,1.33
10/07/2016,1.34
10/06/2016,1.35
10/05/2016,1.36
10/04/2016,1.38
10/03/2016,1.38
09/30/2016,1.38
09/29/2016,1.38
09/28/2016,1.38
09/27/2016,1.38
09/26/2016,1.38
09/23/2016,1.37
09/22/2016,1.37
09/21/2016,1.38
09/20/2016,1.39
09/19/2016,1.39
09/16/2016,1.4
09/15/2016,1.4
09/14/2016,1.41
09/13/2016,1.4
09/12/2016,1.4
09/09/2016,1.38
09/08/2016,1.38
09/07/2016,1.37
09/06/2016,1.37
09/02/2016,1.37
09/01/2016,1.36
08/31/2016,1.35
08/30/2016,1.35
08/29/2016,1.35
08/26/2016,1.35
08/25/2016,1.36
08/24/2016,1.36
08/23/2016,1.36
08/22/2016,1.37
08/19/2016,1.37
08/18/2016,1.38
08/17/2016,1.38
08/16/2016,1.39
08/15/2016,1.4
08/12/2016,1.41
08/11/2016,1.41
08/10/2016,1.42
08/09/2016,1.42
08/08/2016,1.43
08/05/2016,1.45
08/04/2016,1.46
08/03/2016,1.47
08/02/2016,1.47
08/01/2016,1.46
07/29/2016,1.45
07/28/2016,1.44
07/27/2016,1.43
07/26/2016,1.42
07/25/2016,1.41
07/22/2016,1.41
07/21/2016,1.41
07/20/2016,1.42
07/19/2016,1.43
07/18/2016,1.43
07/15/2016,1.44
07/14/2016,1.44
07/13/2016,1.45
07/12/2016,1.46
07/11/2016,1.49
07/08/2016,1.51
07/07/2016,1.53
07/06/2016,1.55
07/05/2016,1.55
07/01/2016,1.55
06/30/2016,1.56
06/29/2016,1.56
06/28/2016,1.59
06/27/2016,1.59
06/24/2016,1.58
06/23/2016,1.48
06/22/2016,1.51
06/21/2016,1.51
06/20/2016,1.52
06/17/2016,1.56
06/16/2016,1.56
06/15/2016,1.55
06/14/2016,1.56
06/13/2016,1.53
06/10/2016,1.51
06/09/2016,1.49
06/08/2016,1.49
06/07/2016,1.5
06/06/2016,1.51
06/03/2016,1.51
06/02/2016,1.5
06/01/2016,1.5
05/31/2016,1.49
05/27/2016,1.49
05/26/2016,1.49
05/25/2016,1.5
05/24/2016,1.52
05/23/2016,1.52
05/20/2016,1.52
05/19/2016,1.52
05/18/2016,1.51
05/17/2016,1.51
05/16/2016,1.51
05/13/2016,1.51
05/12/2016,1.52
05/11/2016,1.51
05/10/2016,1.52
05/09/2016,1.52
05/06/2016,1.51
05/05/2016,1.5
05/04/2016,1.49
05/03/2016,1.47
05/02/2016,1.46
04/29/2016,1.46
04/28/2016,1.46
04/27/2016,1.45
04/26/2016,1.46
04/25/2016,1.47
04/22/2016,1.47
04/21/2016,1.48
04/20/2016,1.51
04/19/2016,1.54
04/18/2016,1.57
04/15/2016,1.57
04/14/2016,1.58
04/13/2016,1.59
04/12/2016,1.61
04/11/2016,1.62
04/08/2016,1.63
04/07/2016,1.63
04/06/2016,1.62
04/05/2016,1.63
04/04/2016,1.62
04/01/2016,1.63
03/31/2016,1.63
03/30/2016,1.64
03/29/2016,1.65
03/28/2016,1.64
03/24/2016,1.64
03/23/2016,1.63
03/22/2016,1.63
03/21/2016,1.66
03/18/2016,1.68
03/17/2016,1.69
03/16/2016,1.7
03/15/2016,1.7
03/14/2016,1.7
03/11/2016,1.75
03/10/2016,1.8
03/09/2016,1.82
03/08/2016,1.83
03/07/2016,1.84
03/04/2016,1.86
03/03/2016,1.89
03/02/2016,1.9
03/01/2016,1.93
02/29/2016,1.97
02/26/2016,1.98
02/25/2016,2.01
02/24/2016,2.03
02/23/2016,2.02
02/22/2016,2.03
02/19/2016,2.07
02/18/2016,2.06
02/17/2016,2.09
02/16/2016,2.1
02/12/2016,2.15
02/11/2016,2.14
02/10/2016,2.09
02/09/2016,2.09
02/08/2016,2.05
02/05/2016,2.01
02/04/2016,2.01
02/03/2016,2
02/02/2016,1.98
02/01/2016,1.96
01/29/2016,1.93
01/28/2016,1.94
01/27/2016,1.93
01/26/2016,1.92
01/25/2016,1.9
01/22/2016,1.89
01/21/2016,1.92
01/20/2016,1.9
01/19/2016,1.83
01/15/2016,1.81
01/14/2016,1.77
01/13/2016,1.74
01/12/2016,1.72
01/11/2016,1.71
01/08/2016,1.7
01/07/2016,1.7
01/06/2016,1.67
01/05/2016,1.66
01/04/2016,1.67
12/31/2015,1.65
12/30/2015,1.65
12/29/2015,1.66
12/28/2015,1.66
12/24/2015,1.67
12/23/2015,1.66
12/22/2015,1.67
12/21/2015,1.67
12/18/2015,1.66
12/17/2015,1.65
12/16/2015,1.65
12/15/2015,1.66
12/14/2015,1.65
12/11/2015,1.61
12/10/2015,1.58
12/09/2015,1.57
12/08/2015,1.57
12/07/2015,1.55
12/04/2015,1.55
12/03/2015,1.55
12/02/2015,1.55
12/01/2015,1.55
11/30/2015,1.55
11/27/2015,1.55
11/25/2015,1.55
11/24/2015,1.55
11/23/2015,1.55
11/20/2015,1.55
11/19/2015,1.55
11/18/2015,1.55
11/17/2015,1.55
11/16/2015,1.56
11/13/2015,1.55
11/12/2015,1.55
11/10/2015,1.54
11/09/2015,1.54
11/06/2015,1.55
11/05/2015,1.55
11/04/2015,1.56
11/03/2015,1.58
11/02/2015,1.59
10/30/2015,1.59
10/29/2015,1.59
10/28/2015,1.59
10/27/2015,1.59
10/26/2015,1.58
10/23/2015,1.59
10/22/2015,1.61
10/21/2015,1.62
10/20/2015,1.63
10/19/2015,1.64
10/16/2015,1.65
10/15/2015,1.66
10/14/2015,1.66
10/13/2015,1.65
10/09/2015,1.64
10/08/2015,1.66
10/07/2015,1.66
10/06/2015,1.68
10/05/2015,1.7
10/02/2015,1.71
10/01/2015,1.71
09/30/2015,1.69
09/29/2015,1.69
09/28/2015,1.65
09/25/2015,1.63
09/24/2015,1.62
09/23/2015,1.61
09/22/2015,1.6
09/21/2015,1.59
09/18/2015,1.6
09/17/2015,1.59
09/16/2015,1.6
09/15/2015,1.61
09/14/2015,1.62
09/11/2015,1.62
09/10/2015,1.61
09/09/2015,1.6
09/08/2015,1.62
09/04/2015,1.63
09/03/2015,1.63
09/02/2015,1.64
09/01/2015,1.65
08/31/2015,1.63
08/28/2015,1.65
08/27/2015,1.65
08/26/2015,1.67
08/25/2015,1.67
08/24/2015,1.68
08/21/2015,1.64
08/20/2015,1.63
08/19/2015,1.62
08/18/2015,1.61
08/17/2015,1.61
08/14/2015,1.61
08/13/2015,1.61
08/12/2015,1.61
08/11/2015,1.59
08/10/2015,1.58
08/07/2015,1.58
08/06/2015,1.56
08/05/2015,1.55
08/04/2015,1.55
08/03/2015,1.55
07/31/2015,1.54
07/30/2015,1.53
07/29/2015,1.53
07/28/2015,1.53
07/27/2015,1.53
07/24/2015,1.52
07/23/2015,1.5
07/22/2015,1.49
07/21/2015,1.49
07/20/2015,1.48
07/17/2015,1.48
07/16/2015,1.48
07/15/2015,1.48
07/14/2015,1.47
07/13/2015,1.45
07/10/2015,1.46
07/09/2015,1.46
07/08/2015,1.46
07/07/2015,1.45
07/06/2015,1.45
07/02/2015,1.43
07/01/2015,1.43
06/30/2015,1.45
06/29/2015,1.46
06/26/2015,1.41
06/25/2015,1.41
06/24/2015,1.4
06/23/2015,1.4
06/22/2015,1.4
06/19/2015,1.41
06/18/2015,1.4
06/17/2015,1.4
06/16/2015,1.39
06/15/2015,1.38
06/12/2015,1.37
06/11/2015,1.36
06/10/2015,1.36
06/09/2015,1.35
06/08/2015,1.34
06/05/2015,1.34
06/04/2015,1.34
06/03/2015,1.34
06/02/2015,1.35
06/01/2015,1.35
05/29/2015,1.33
05/28/2015,1.32
05/27/2015,1.32
05/26/2015,1.31
05/22/2015,1.31
05/21/2015,1.31
05/20/2015,1.3
05/19/2015,1.28
05/18/2015,1.28
05/15/2015,1.28
05/14/2015,1.28
05/13/2015,1.29
05/12/2015,1.29
05/11/2015,1.29
05/08/2015,1.29
05/07/2015,1.29
05/06/2015,1.28
05/05/2015,1.28
05/04/2015,1.29
05/01/2015,1.28
04/30/2015,1.28
04/29/2015,1.28
04/28/2015,1.27
04/27/2015,1.26
04/24/2015,1.26
04/23/2015,1.26
04/22/2015,1.26
04/21/2015,1.27
04/20/2015,1.27
04/17/2015,1.28
04/16/2015,1.27
04/15/2015,1.27
04/14/2015,1.27
04/13/2015,1.26
04/10/2015,1.26
04/09/2015,1.26
04/08/2015,1.27
04/07/2015,1.27
04/06/2015,1.29
04/02/2015,1.29
04/01/2015,1.3
03/31/2015,1.29
03/30/2015,1.3
03/27/2015,1.3
03/26/2015,1.3
03/25/2015,1.3
03/24/2015,1.3
03/23/2015,1.3
03/20/2015,1.3
03/19/2015,1.3
03/18/2015,1.31
03/17/2015,1.3
03/16/2015,1.28
03/13/2015,1.26
03/12/2015,1.25
03/11/2015,1.25
03/10/2015,1.24
03/09/2015,1.22
03/06/2015,1.22
03/05/2015,1.23
03/04/2015,1.23
03/03/2015,1.23
03/02/2015,1.23
02/27/2015,1.23
02/26/2015,1.22
02/25/2015,1.23
02/24/2015,1.23
02/23/2015,1.23
02/20/2015,1.23
02/19/2015,1.24
02/18/2015,1.25
02/17/2015,1.27
02/13/2015,1.28
02/12/2015,1.28
02/11/2015,1.29
02/10/2015,1.29
02/09/2015,1.3
02/06/2015,1.31
02/05/2015,1.33
02/04/2015,1.34
02/03/2015,1.35
02/02/2015,1.37
01/30/2015,1.36
01/29/2015,1.36
01/28/2015,1.35
01/27/2015,1.35
01/26/2015,1.35
01/23/2015,1.36
01/22/2015,1.36
01/21/2015,1.38
01/20/2015,1.38
01/16/2015,1.39
01/15/2015,1.38
01/14/2015,1.38
01/13/2015,1.35
01/12/2015,1.34
01/09/2015,1.33
01/08/2015,1.33
01/07/2015,1.34
01/06/2015,1.34
01/05/2015,1.33
01/02/2015,1.31
12/31/2014,1.31
12/30/2014,1.3
12/29/2014,1.3
12/26/2014,1.29
12/24/2014,1.29
12/23/2014,1.29
12/22/2014,1.3
12/19/2014,1.31
12/18/2014,1.32
12/17/2014,1.36
12/16/2014,1.37
12/15/2014,1.33
12/12/2014,1.32
12/11/2014,1.3
12/10/2014,1.29
12/09/2014,1.28
12/08/2014,1.26
12/05/2014,1.26
12/04/2014,1.26
12/03/2014,1.26
12/02/2014,1.26
12/01/2014,1.26
11/28/2014,1.24
11/26/2014,1.23
11/25/2014,1.23
11/24/2014,1.23
11/21/2014,1.24
11/20/2014,1.26
11/19/2014,1.26
11/18/2014,1.25
11/17/2014,1.23
11/14/2014,1.22
11/13/2014,1.21
11/12/2014,1.21
11/10/2014,1.2
11/07/2014,1.2
11/06/2014,1.19
11/05/2014,1.2
11/04/2014,1.19
11/03/2014,1.18
10/31/2014,1.18
10/30/2014,1.17
10/29/2014,1.17
10/28/2014,1.17
10/27/2014,1.17
10/24/2014,1.17
10/23/2014,1.17
10/22/2014,1.17
10/21/2014,1.17
10/20/2014,1.18
10/17/2014,1.18
10/16/2014,1.2
10/15/2014,1.17
10/14/2014,1.16
10/10/2014,1.14
10/09/2014,1.12
10/08/2014,1.12
10/07/2014,1.11
10/06/2014,1.1
10/03/2014,1.11
10/02/2014,1.12
10/01/2014,1.12
09/30/2014,1.12
09/29/2014,1.12
09/26/2014,1.1
09/25/2014,1.08
09/24/2014,1.07
09/23/2014,1.06
09/22/2014,1.05
09/19/2014,1.05
09/18/2014,1.05
09/17/2014,1.06
09/16/2014,1.06
09/15/2014,1.06
09/12/2014,1.05
09/11/2014,1.05
09/10/2014,1.05
09/09/2014,1.04
09/08/2014,1.03
09/05/2014,1.03
09/04/2014,1.03
09/03/2014,1.02
09/02/2014,1.02
08/29/2014,1.02
08/28/2014,1.01
08/27/2014,1.01
08/26/2014,1.01
08/25/2014,1.01
08/22/2014,1.02
08/21/2014,1.02
08/20/2014,1.02
08/19/2014,1.03
08/18/2014,1.03
08/15/2014,1.03
08/14/2014,1.03
08/13/2014,1.03
08/12/2014,1.03
08/11/2014,1.03
08/08/2014,1.03
08/07/2014,1.02
08/06/2014,1.02
08/05/2014,1.01
08/04/2014,1.01
08/01/2014,1.01
07/31/2014,0.99
07/30/2014,0.98
07/29/2014,0.99
07/28/2014,0.98
07/25/2014,0.99
07/24/2014,0.99
07/23/2014,0.99
07/22/2014,0.99
07/21/2014,0.99
07/18/2014,0.99
07/17/2014,0.99
07/16/2014,0.98
07/15/2014,0.98
07/14/2014,0.99
07/11/2014,0.99
07/10/2014,0.99
07/09/2014,0.98
07/08/2014,0.98
07/07/2014,0.97
07/03/2014,0.98
07/02/2014,0.98
07/01/2014,0.99
06/30/2014,0.99
06/27/2014,0.99
06/26/2014,0.98
06/25/2014,0.97
06/24/2014,0.97
06/23/2014,0.97
06/20/2014,0.97
06/19/2014,0.98
06/18/2014,0.98
06/17/2014,0.98
06/16/2014,0.99
06/13/2014,0.99
06/12/2014,0.98
06/11/2014,0.98
06/10/2014,0.98
06/09/2014,0.99
06/06/2014,1
06/05/2014,1.01
06/04/2014,1.01
06/03/2014,1.01
06/02/2014,1.02
05/30/2014,1.01
05/29/2014,1.02
05/28/2014,1.02
05/27/2014,1.02
05/23/2014,1.02
05/22/2014,1.02
05/21/2014,1.02
05/20/2014,1.02
05/19/2014,1.02
05/16/2014,1.02
05/15/2014,1.01
05/14/2014,1.01
05/13/2014,1.01
05/12/2014,1
05/09/2014,1.01
05/08/2014,1.01
05/07/2014,1.01
05/06/2014,1
05/05/2014,1
05/02/2014,1
05/01/2014,1.01
04/30/2014,1.01
04/29/2014,1.01
04/28/2014,1.01
04/25/2014,1.01
04/24/2014,1.01
04/23/2014,1.01
04/22/2014,1.01
04/21/2014,1.01
04/17/2014,1.02
04/16/2014,1.02
04/15/2014,1.03
04/14/2014,1.03
04/11/2014,1.04
04/10/2014,1.03
04/09/2014,1.03
04/08/2014,1.03
04/07/2014,1.03
04/04/2014,1.03
04/03/2014,1.03
04/02/2014,1.04
04/01/2014,1.06
03/31/2014,1.06
03/28/2014,1.05
03/27/2014,1.06
03/26/2014,1.06
03/25/2014,1.07
03/24/2014,1.07
03/21/2014,1.08
03/20/2014,1.09
03/19/2014,1.1
03/18/2014,1.12
03/17/2014,1.13
03/14/2014,1.12
03/13/2014,1.12
03/12/2014,1.11
03/11/2014,1.1
03/10/2014,1.1
03/07/2014,1.1
03/06/2014,1.1
03/05/2014,1.1
03/04/2014,1.1
03/03/2014,1.11
02/28/2014,1.09
02/27/2014,1.1
02/26/2014,1.1
02/25/2014,1.1
02/24/2014,1.1
02/21/2014,1.11
02/20/2014,1.11
02/19/2014,1.11
02/18/2014,1.12
02/14/2014,1.12
02/13/2014,1.12
02/12/2014,1.12
02/11/2014,1.14
02/10/2014,1.15
02/07/2014,1.15
02/06/2014,1.16
02/05/2014,1.18
02/04/2014,1.18
02/03/2014,1.17
01/31/2014,1.16
01/30/2014,1.16
01/29/2014,1.16
01/28/2014,1.16
01/27/2014,1.16
01/24/2014,1.16
01/23/2014,1.13
01/22/2014,1.11
01/21/2014,1.11
01/17/2014,1.11
01/16/2014,1.11
01/15/2014,1.11
01/14/2014,1.12
01/13/2014,1.12
01/10/2014,1.12
01/09/2014,1.11
01/08/2014,1.12
01/07/2014,1.12
01/06/2014,1.12
01/03/2014,1.12
01/02/2014,1.13
12/31/2013,1.14
12/30/2013,1.14
12/27/2013,1.15
12/26/2013,1.15
12/24/2013,1.15
12/23/2013,1.16
12/20/2013,1.16
12/19/2013,1.16
12/18/2013,1.18
12/17/2013,1.19
12/16/2013,1.2
12/13/2013,1.21
12/12/2013,1.22
12/11/2013,1.22
12/10/2013,1.22
12/09/2013,1.24
12/06/2013,1.25
12/05/2013,1.25
12/04/2013,1.25
12/03/2013,1.25
12/02/2013,1.24
11/29/2013,1.25
11/27/2013,1.25
11/26/2013,1.25
11/25/2013,1.26
11/22/2013,1.27
11/21/2013,1.28
11/20/2013,1.29
11/19/2013,1.29
11/18/2013,1.29
11/15/2013,1.31
11/14/2013,1.32
11/13/2013,1.32
11/12/2013,1.32
11/08/2013,1.32
11/07/2013,1.32
11/06/2013,1.31
11/05/2013,1.31
11/04/2013,1.31
11/01/2013,1.32
10/31/2013,1.31
10/30/2013,1.3
10/29/2013,1.31
10/28/2013,1.32
10/25/2013,1.32
10/24/2013,1.32
10/23/2013,1.32
10/22/2013,1.31
10/21/2013,1.32
10/18/2013,1.32
10/17/2013,1.33
10/16/2013,1.34
10/15/2013,1.36
10/11/2013,1.36
10/10/2013,1.36
10/09/2013,1.38
10/08/2013,1.38
10/07/2013,1.38
10/04/2013,1.39
10/03/2013,1.39
10/02/2013,1.4
10/01/2013,1.4
09/30/2013,1.41
09/27/2013,1.4
09/26/2013,1.38
09/25/2013,1.38
09/24/2013,1.38
09/23/2013,1.38
09/20/2013,1.38
09/19/2013,1.38
09/18/2013,1.41
09/17/2013,1.41
09/16/2013,1.41
09/13/2013,1.42
09/12/2013,1.41
09/11/2013,1.41
09/10/2013,1.41
09/09/2013,1.4
09/06/2013,1.4
09/05/2013,1.39
09/04/2013,1.38
09/03/2013,1.39
08/30/2013,1.4
08/29/2013,1.4
08/28/2013,1.4
08/27/2013,1.4
08/26/2013,1.39
08/23/2013,1.4
08/22/2013,1.41
08/21/2013,1.42
08/20/2013,1.42
08/19/2013,1.41
08/16/2013,1.41
08/15/2013,1.4
08/14/2013,1.38
08/13/2013,1.38
08/12/2013,1.38
08/09/2013,1.38
08/08/2013,1.37
08/07/2013,1.38
08/06/2013,1.37
08/05/2013,1.37
08/02/2013,1.37
08/01/2013,1.37
07/31/2013,1.38
07/30/2013,1.37
07/29/2013,1.38
07/26/2013,1.38
07/25/2013,1.37
07/24/2013,1.35
07/23/2013,1.36
07/22/2013,1.37
07/19/2013,1.38
07/18/2013,1.39
07/17/2013,1.41
07/16/2013,1.41
07/15/2013,1.42
07/12/2013,1.42
07/11/2013,1.42
07/10/2013,1.44
07/09/2013,1.45
07/08/2013,1.47
07/05/2013,1.49
07/03/2013,1.5
07/02/2013,1.5
07/01/2013,1.52
06/28/2013,1.52
06/27/2013,1.53
06/26/2013,1.53
06/25/2013,1.55
06/24/2013,1.53
06/21/2013,1.5
06/20/2013,1.5
06/19/2013,1.45
06/18/2013,1.44
06/17/2013,1.43
06/14/2013,1.43
06/13/2013,1.43
06/12/2013,1.43
06/11/2013,1.43
06/10/2013,1.4
06/07/2013,1.4
06/06/2013,1.41
06/05/2013,1.39
06/04/2013,1.35
06/03/2013,1.34
05/31/2013,1.32
05/30/2013,1.31
05/29/2013,1.31
05/28/2013,1.3
05/24/2013,1.31
05/23/2013,1.31
05/22/2013,1.3
05/21/2013,1.3
05/20/2013,1.3
05/17/2013,1.3
05/16/2013,1.31
05/15/2013,1.3
05/14/2013,1.3
05/13/2013,1.31
05/10/2013,1.31
05/09/2013,1.31
05/08/2013,1.31
05/07/2013,1.32
05/06/2013,1.33
05/03/2013,1.34
05/02/2013,1.35
05/01/2013,1.35
04/30/2013,1.35
04/29/2013,1.34
04/26/2013,1.35
04/25/2013,1.35
04/24/2013,1.35
04/23/2013,1.36
04/22/2013,1.37
04/19/2013,1.37
04/18/2013,1.37
04/17/2013,1.37
04/16/2013,1.37
04/15/2013,1.37
04/12/2013,1.36
04/11/2013,1.35
04/10/2013,1.36
04/09/2013,1.38
04/08/2013,1.38
04/05/2013,1.4
04/04/2013,1.4
04/03/2013,1.4
04/02/2013,1.4
04/01/2013,1.4
03/28/2013,1.39
03/27/2013,1.4
03/26/2013,1.39
03/25/2013,1.37
03/22/2013,1.38
03/21/2013,1.37
03/20/2013,1.37
03/19/2013,1.36
03/18/2013,1.36
03/15/2013,1.35
03/14/2013,1.33
03/13/2013,1.34
03/12/2013,1.34
03/11/2013,1.34
03/08/2013,1.34
03/07/2013,1.35
03/06/2013,1.36
03/05/2013,1.37
03/04/2013,1.38
03/01/2013,1.39
02/28/2013,1.37
02/27/2013,1.37
02/26/2013,1.38
02/25/2013,1.36
02/22/2013,1.36
02/21/2013,1.37
02/20/2013,1.36
02/19/2013,1.36
02/15/2013,1.37
02/14/2013,1.36
02/13/2013,1.36
02/12/2013,1.37
02/11/2013,1.38
02/08/2013,1.38
02/07/2013,1.38
02/06/2013,1.38
02/05/2013,1.38
02/04/2013,1.38
02/01/2013,1.38
01/31/2013,1.38
01/30/2013,1.36
01/29/2013,1.37
01/28/2013,1.36
01/25/2013,1.37
01/24/2013,1.38
01/23/2013,1.38
01/22/2013,1.38
01/18/2013,1.38
01/17/2013,1.37
01/16/2013,1.38
01/15/2013,1.37
01/14/2013,1.35
01/11/2013,1.35
01/10/2013,1.35
01/09/2013,1.35
01/08/2013,1.34
01/07/2013,1.33
01/04/2013,1.34
01/03/2013,1.35
01/02/2013,1.38
12/31/2012,1.41
12/28/2012,1.41
12/27/2012,1.4
12/26/2012,1.4
12/24/2012,1.41
12/21/2012,1.41
12/20/2012,1.39
12/19/2012,1.4
12/18/2012,1.42
12/17/2012,1.44
12/14/2012,1.45
12/13/2012,1.45
12/12/2012,1.45
12/11/2012,1.46
12/10/2012,1.47
12/07/2012,1.47
12/06/2012,1.47
12/05/2012,1.46
12/04/2012,1.47
12/03/2012,1.47
11/30/2012,1.47
11/29/2012,1.47
11/28/2012,1.48
11/27/2012,1.47
11/26/2012,1.47
11/23/2012,1.47
11/21/2012,1.48
11/20/2012,1.48
11/19/2012,1.49
11/16/2012,1.5
11/15/2012,1.48
11/14/2012,1.45
11/13/2012,1.45
11/09/2012,1.45
11/08/2012,1.42
11/07/2012,1.4
11/06/2012,1.4
11/05/2012,1.39
11/02/2012,1.37
11/01/2012,1.37
10/31/2012,1.37
10/29/2012,1.38
10/26/2012,1.36
10/25/2012,1.36
10/24/2012,1.36
10/23/2012,1.37
10/22/2012,1.33
10/19/2012,1.31
10/18/2012,1.31
10/17/2012,1.33
10/16/2012,1.38
10/15/2012,1.41
10/12/2012,1.43
10/11/2012,1.45
10/10/2012,1.47
10/09/2012,1.46
10/05/2012,1.48
10/04/2012,1.51
10/03/2012,1.53
10/02/2012,1.54
10/01/2012,1.55
09/28/2012,1.56
09/27/2012,1.57
09/26/2012,1.59
09/25/2012,1.56
09/24/2012,1.56
09/21/2012,1.55
09/20/2012,1.55
09/19/2012,1.55
09/18/2012,1.56
09/17/2012,1.56
09/14/2012,1.57
09/13/2012,1.62
09/12/2012,1.64
09/11/2012,1.65
09/10/2012,1.66
09/07/2012,1.67
09/06/2012,1.7
09/05/2012,1.72
09/04/2012,1.72
08/31/2012,1.72
08/30/2012,1.71
08/29/2012,1.71
08/28/2012,1.71
08/27/2012,1.71
08/24/2012,1.72
08/23/2012,1.71
08/22/2012,1.71
08/21/2012,1.71
08/20/2012,1.71
08/17/2012,1.71
08/16/2012,1.73
08/15/2012,1.73
08/14/2012,1.72
08/13/2012,1.73
08/10/2012,1.74
08/09/2012,1.74
08/08/2012,1.74
08/07/2012,1.74
08/06/2012,1.76
08/03/2012,1.77
08/02/2012,1.78
08/01/2012,1.78
07/31/2012,1.78
07/30/2012,1.8
07/27/2012,1.82
07/26/2012,1.85
07/25/2012,1.87
07/24/2012,1.88
07/23/2012,1.87
07/20/2012,1.83
07/19/2012,1.81
07/18/2012,1.83
07/17/2012,1.88
07/16/2012,1.91
07/13/2012,1.92
07/12/2012,1.93
07/11/2012,1.95
07/10/2012,1.96
07/09/2012,1.98
07/06/2012,1.97
07/05/2012,1.96
07/03/2012,1.97
07/02/2012,1.99
06/29/2012,1.99
06/28/2012,2.03
06/27/2012,2.02
06/26/2012,2.02
06/25/2012,2.02
06/22/2012,2.01
06/21/2012,2.02
06/20/2012,2.03
06/19/2012,2.06
06/18/2012,2.08
06/15/2012,2.08
06/14/2012,2.1
06/13/2012,2.1
06/12/2012,2.1
06/11/2012,2.08
06/08/2012,2.1
06/07/2012,2.09
06/06/2012,2.13
06/05/2012,2.15
06/04/2012,2.15
06/01/2012,2.14
05/31/2012,2.09
05/30/2012,2.08
05/29/2012,2.06
05/25/2012,2.08
05/24/2012,2.09
05/23/2012,2.1
05/22/2012,2.08
05/21/2012,2.07
05/18/2012,2.06
05/17/2012,2.02
05/16/2012,1.97
05/15/2012,1.93
05/14/2012,1.92
05/11/2012,1.9
05/10/2012,1.88
05/09/2012,1.89
05/08/2012,1.86
05/07/2012,1.86
05/04/2012,1.84
05/03/2012,1.83
05/02/2012,1.85
05/01/2012,1.86
04/30/2012,1.85
04/27/2012,1.86
04/26/2012,1.86
04/25/2012,1.86
04/24/2012,1.88
04/23/2012,1.89
04/20/2012,1.86
04/19/2012,1.86
04/18/2012,1.86
04/17/2012,1.85
04/16/2012,1.86
04/13/2012,1.85
04/12/2012,1.86
04/11/2012,1.88
04/10/2012,1.87
04/09/2012,1.85
04/05/2012,1.81
04/04/2012,1.79
04/03/2012,1.77
04/02/2012,1.77
03/30/2012,1.76
03/29/2012,1.77
03/28/2012,1.75
03/27/2012,1.76
03/26/2012,1.76
03/23/2012,1.77
03/22/2012,1.76
03/21/2012,1.74
03/20/2012,1.74
03/19/2012,1.73
03/16/2012,1.74
03/15/2012,1.76
03/14/2012,1.79
03/13/2012,1.82
03/12/2012,1.84
03/09/2012,1.84
03/08/2012,1.84
03/07/2012,1.86
03/06/2012,1.84
03/05/2012,1.8
03/02/2012,1.8
03/01/2012,1.8
02/29/2012,1.81
02/28/2012,1.85
02/27/2012,1.87
02/24/2012,1.87
02/23/2012,1.89
02/22/2012,1.89
02/21/2012,1.89
02/17/2012,1.91
02/16/2012,1.94
02/15/2012,1.91
02/14/2012,1.91
02/13/2012,1.91
02/10/2012,1.93
02/09/2012,1.91
02/08/2012,1.92
02/07/2012,1.94
02/06/2012,1.96
02/03/2012,2
02/02/2012,2.03
02/01/2012,2.05
01/31/2012,2.06
01/30/2012,2.07
01/27/2012,2.07
01/26/2012,2.08
01/25/2012,2.12
01/24/2012,2.13
01/23/2012,2.14
01/20/2012,2.17
01/19/2012,2.19
01/18/2012,2.22
01/17/2012,2.24
01/13/2012,2.25
01/12/2012,2.26
01/11/2012,2.27
01/10/2012,2.26
01/09/2012,2.28
01/06/2012,2.3
01/05/2012,2.31
01/04/2012,2.31
01/03/2012,2.33
12/30/2011,2.34
12/29/2011,2.34
12/28/2011,2.35
12/27/2011,2.36
12/23/2011,2.37
12/22/2011,2.37
12/21/2011,2.38
12/20/2011,2.38
12/19/2011,2.38
12/16/2011,2.39
12/15/2011,2.39
12/14/2011,2.37
12/13/2011,2.36
12/12/2011,2.36
12/09/2011,2.35
12/08/2011,2.33
12/07/2011,2.32
12/06/2011,2.32
12/05/2011,2.32
12/02/2011,2.37
12/01/2011,2.43
11/30/2011,2.43
11/29/2011,2.46
11/28/2011,2.45
11/25/2011,2.49
11/23/2011,2.46
11/22/2011,2.41
11/21/2011,2.37
11/18/2011,2.32
11/17/2011,2.32
11/16/2011,2.27
11/15/2011,2.25
11/14/2011,2.19
11/10/2011,2.19
11/09/2011,2.18
11/08/2011,2.11
11/07/2011,2.08
11/04/2011,2.07
11/03/2011,2.07
11/02/2011,2.08
11/01/2011,2.08
10/31/2011,2.02
10/28/2011,2
10/27/2011,2.02
10/26/2011,2.11
10/25/2011,2.12
10/24/2011,2.14
10/21/2011,2.18
10/20/2011,2.21
10/19/2011,2.24
10/18/2011,2.3
10/17/2011,2.3
10/14/2011,2.31
10/13/2011,2.35
10/12/2011,2.37
10/11/2011,2.41
10/07/2011,2.47
10/06/2011,2.49
10/05/2011,2.52
10/04/2011,2.52
10/03/2011,2.43
09/30/2011,2.38
09/29/2011,2.36
09/28/2011,2.35
09/27/2011,2.34
09/26/2011,2.36
09/23/2011,2.37
09/22/2011,2.31
09/21/2011,2.23
09/20/2011,2.23
09/19/2011,2.23
09/16/2011,2.2
09/15/2011,2.2
09/14/2011,2.2
09/13/2011,2.21
09/12/2011,2.2
09/09/2011,2.15
09/08/2011,2.12
09/07/2011,2.11
09/06/2011,2.13
09/02/2011,2.09
09/01/2011,2.07
08/31/2011,2.08
08/30/2011,2.12
08/29/2011,2.14
08/26/2011,2.14
08/25/2011,2.13
08/24/2011,2.16
08/23/2011,2.12
08/22/2011,2.07
08/19/2011,2.06
08/18/2011,2.01
08/17/2011,1.97
08/16/2011,1.97
08/15/2011,1.97
08/12/2011,1.89
08/11/2011,1.89
08/10/2011,1.81
08/09/2011,1.79
08/08/2011,1.73
08/05/2011,1.63
08/04/2011,1.58
08/03/2011,1.55
08/02/2011,1.53
08/01/2011,1.53
07/29/2011,1.53
07/28/2011,1.52
07/27/2011,1.52
07/26/2011,1.52
07/25/2011,1.53
07/22/2011,1.52
07/21/2011,1.54
07/20/2011,1.54
07/19/2011,1.55
07/18/2011,1.55
07/15/2011,1.54
07/14/2011,1.52
07/13/2011,1.52
07/12/2011,1.53
07/11/2011,1.52
07/08/2011,1.5
07/07/2011,1.49
07/06/2011,1.51
07/05/2011,1.51
07/01/2011,1.52
06/30/2011,1.53
06/29/2011,1.55
06/28/2011,1.57
06/27/2011,1.58
06/24/2011,1.58
06/23/2011,1.57
06/22/2011,1.55
06/21/2011,1.55
06/20/2011,1.55
06/17/2011,1.54
06/16/2011,1.55
06/15/2011,1.53
06/14/2011,1.52
06/13/2011,1.53
06/10/2011,1.52
06/09/2011,1.51
06/08/2011,1.51
06/07/2011,1.49
06/06/2011,1.49
06/03/2011,1.49
06/02/2011,1.48
06/01/2011,1.46
05/31/2011,1.46
05/27/2011,1.46
05/26/2011,1.45
05/25/2011,1.44
05/24/2011,1.43
05/23/2011,1.42
05/20/2011,1.41
05/19/2011,1.41
05/18/2011,1.41
05/17/2011,1.41
05/16/2011,1.41
05/13/2011,1.41
05/12/2011,1.4
05/11/2011,1.39
05/10/2011,1.39
05/09/2011,1.39
05/06/2011,1.39
05/05/2011,1.38
05/04/2011,1.37
05/03/2011,1.38
05/02/2011,1.38
04/29/2011,1.38
04/28/2011,1.37
04/27/2011,1.37
04/26/2011,1.37
04/25/2011,1.37
04/21/2011,1.37
04/20/2011,1.37
04/19/2011,1.39
04/18/2011,1.39
04/15/2011,1.38
04/14/2011,1.38
04/13/2011,1.37
04/12/2011,1.37
04/11/2011,1.36
04/08/2011,1.36
04/07/2011,1.37
04/06/2011,1.38
04/05/2011,1.39
04/04/2011,1.41
04/01/2011,1.42
03/31/2011,1.42
03/30/2011,1.42
03/29/2011,1.42
03/28/2011,1.42
03/25/2011,1.42
03/24/2011,1.42
03/23/2011,1.43
03/22/2011,1.43
03/21/2011,1.44
03/18/2011,1.46
03/17/2011,1.47
03/16/2011,1.47
03/15/2011,1.46
03/14/2011,1.41
03/11/2011,1.41
03/10/2011,1.4
03/09/2011,1.39
03/08/2011,1.39
03/07/2011,1.39
03/04/2011,1.39
03/03/2011,1.38
03/02/2011,1.4
03/01/2011,1.4
02/28/2011,1.39
02/25/2011,1.41
02/24/2011,1.42
02/23/2011,1.4
02/22/2011,1.39
02/18/2011,1.37
02/17/2011,1.37
02/16/2011,1.37
02/15/2011,1.37
02/14/2011,1.39
02/11/2011,1.4
02/10/2011,1.4
02/09/2011,1.4
02/08/2011,1.4
02/07/2011,1.42
02/04/2011,1.45
02/03/2011,1.47
02/02/2011,1.48
02/01/2011,1.49
01/31/2011,1.5
01/28/2011,1.5
01/27/2011,1.5
01/26/2011,1.49
01/25/2011,1.5
01/24/2011,1.49
01/21/2011,1.5
01/20/2011,1.5
01/19/2011,1.5
01/18/2011,1.5
01/14/2011,1.52
01/13/2011,1.52
01/12/2011,1.5
01/11/2011,1.5
01/10/2011,1.53
01/07/2011,1.52
01/06/2011,1.51
01/05/2011,1.51
01/04/2011,1.52
01/03/2011,1.54
12/31/2010,1.56
12/30/2010,1.56
12/29/2010,1.57
12/28/2010,1.58
12/27/2010,1.58
12/23/2010,1.58
12/22/2010,1.59
12/21/2010,1.6
12/20/2010,1.6
12/17/2010,1.6
12/16/2010,1.61
12/15/2010,1.61
12/14/2010,1.61
12/13/2010,1.62
12/10/2010,1.61
12/09/2010,1.61
12/08/2010,1.63
12/07/2010,1.65
12/06/2010,1.69
12/03/2010,1.69
12/02/2010,1.69
12/01/2010,1.71
11/30/2010,1.71
11/29/2010,1.69
11/26/2010,1.68
11/24/2010,1.67
11/23/2010,1.67
11/22/2010,1.65
11/19/2010,1.64
11/18/2010,1.64
11/17/2010,1.66
11/16/2010,1.67
11/15/2010,1.66
11/12/2010,1.64
11/10/2010,1.64
11/09/2010,1.62
11/08/2010,1.63
11/05/2010,1.64
11/04/2010,1.65
11/03/2010,1.68
11/02/2010,1.68
11/01/2010,1.69
10/29/2010,1.68
10/28/2010,1.67
10/27/2010,1.67
10/26/2010,1.68
10/25/2010,1.69
10/22/2010,1.72
10/21/2010,1.72
10/20/2010,1.74
10/19/2010,1.73
10/18/2010,1.74
10/15/2010,1.74
10/14/2010,1.7
10/13/2010,1.69
10/12/2010,1.69
10/08/2010,1.7
10/07/2010,1.7
10/06/2010,1.7
10/05/2010,1.73
10/04/2010,1.74
10/01/2010,1.75
09/30/2010,1.75
09/29/2010,1.75
09/28/2010,1.76
09/27/2010,1.75
09/24/2010,1.76
09/23/2010,1.76
09/22/2010,1.75
09/21/2010,1.75
09/20/2010,1.74
09/17/2010,1.75
09/16/2010,1.75
09/15/2010,1.75
09/14/2010,1.73
09/13/2010,1.73
09/10/2010,1.76
09/09/2010,1.77
09/08/2010,1.79
09/07/2010,1.77
09/03/2010,1.82
09/02/2010,1.83
09/01/2010,1.85
08/31/2010,1.86
08/30/2010,1.84
08/27/2010,1.82
08/26/2010,1.81
08/25/2010,1.81
08/24/2010,1.8
08/23/2010,1.77
08/20/2010,1.77
08/19/2010,1.76
08/18/2010,1.77
08/17/2010,1.78
08/16/2010,1.79
08/13/2010,1.79
08/12/2010,1.78
08/11/2010,1.77
08/10/2010,1.74
08/09/2010,1.73
08/06/2010,1.73
08/05/2010,1.73
08/04/2010,1.73
08/03/2010,1.74
08/02/2010,1.74
07/30/2010,1.75
07/29/2010,1.73
07/28/2010,1.72
07/27/2010,1.72
07/26/2010,1.76
07/23/2010,1.78
07/22/2010,1.8
07/21/2010,1.81
07/20/2010,1.83
07/19/2010,1.83
07/16/2010,1.82
07/15/2010,1.82
07/14/2010,1.82
07/13/2010,1.83
07/12/2010,1.86
07/09/2010,1.88
07/08/2010,1.9
07/07/2010,1.92
07/06/2010,1.92
07/02/2010,1.93
07/01/2010,1.93
06/30/2010,1.93
06/29/2010,1.92
06/28/2010,1.91
06/25/2010,1.91
06/24/2010,1.9
06/23/2010,1.9
06/22/2010,1.88
06/21/2010,1.87
06/18/2010,1.91
06/17/2010,1.93
06/16/2010,1.95
06/15/2010,1.95
06/14/2010,1.96
06/11/2010,1.97
06/10/2010,1.98
06/09/2010,1.96
06/08/2010,1.94
06/07/2010,1.91
06/04/2010,1.91
06/03/2010,1.9
06/02/2010,1.91
06/01/2010,1.9
05/28/2010,1.87
05/27/2010,1.84
05/26/2010,1.86
05/25/2010,1.88
05/24/2010,1.82
05/21/2010,1.79
05/20/2010,1.77
05/19/2010,1.73
05/18/2010,1.68
05/17/2010,1.67
05/14/2010,1.66
05/13/2010,1.65
05/12/2010,1.66
05/11/2010,1.69
05/10/2010,1.64
05/07/2010,1.69
05/06/2010,1.61
05/05/2010,1.5
05/04/2010,1.46
05/03/2010,1.44
04/30/2010,1.43
04/29/2010,1.44
04/28/2010,1.46
04/27/2010,1.44
04/26/2010,1.4
04/23/2010,1.39
04/22/2010,1.4
04/21/2010,1.4
04/20/2010,1.41
04/19/2010,1.42
04/16/2010,1.39
04/15/2010,1.39
04/14/2010,1.42
04/13/2010,1.43
04/12/2010,1.44
04/09/2010,1.45
04/08/2010,1.45
04/07/2010,1.45
04/06/2010,1.45
04/05/2010,1.45
04/01/2010,1.48
03/31/2010,1.5
03/30/2010,1.49
03/29/2010,1.51
03/26/2010,1.52
03/25/2010,1.53
03/24/2010,1.54
03/23/2010,1.55
03/22/2010,1.56
03/19/2010,1.55
03/18/2010,1.55
03/17/2010,1.56
03/16/2010,1.59
03/15/2010,1.59
03/12/2010,1.6
03/11/2010,1.61
03/10/2010,1.61
03/09/2010,1.63
03/08/2010,1.63
03/05/2010,1.66
03/04/2010,1.68
03/03/2010,1.69
03/02/2010,1.68
03/01/2010,1.7
02/26/2010,1.73
02/25/2010,1.73
02/24/2010,1.72
02/23/2010,1.71
02/22/2010,1.71
02/19/2010,1.74
02/18/2010,1.76
02/17/2010,1.79
02/16/2010,1.82
02/12/2010,1.8
02/11/2010,1.81
02/10/2010,1.81
02/09/2010,1.82
02/08/2010,1.8
02/05/2010,1.78
02/04/2010,1.73
02/03/2010,1.69
02/02/2010,1.71
02/01/2010,1.72
01/29/2010,1.69
01/28/2010,1.71
01/27/2010,1.7
01/26/2010,1.71
01/25/2010,1.72
01/22/2010,1.72
01/21/2010,1.67
01/20/2010,1.67
01/19/2010,1.66
01/15/2010,1.65
01/14/2010,1.63
01/13/2010,1.63
01/12/2010,1.63
01/11/2010,1.61
01/08/2010,1.62
01/07/2010,1.62
01/06/2010,1.64
01/05/2010,1.66
01/04/2010,1.7
12/31/2009,1.72
12/30/2009,1.74
12/29/2009,1.75
12/28/2009,1.76
12/24/2009,1.78
12/23/2009,1.77
12/22/2009,1.79
12/21/2009,1.79
12/18/2009,1.8
12/17/2009,1.81
12/16/2009,1.81
12/15/2009,1.82
12/14/2009,1.87
12/11/2009,1.89
12/10/2009,1.92
12/09/2009,1.95
12/08/2009,1.96
12/07/2009,1.98
12/04/2009,1.99
12/03/2009,2.03
12/02/2009,2.04
12/01/2009,2.06
11/30/2009,2.06
11/27/2009,2.05
11/25/2009,2.08
11/24/2009,2.04
11/23/2009,2.02
11/20/2009,2.02
11/19/2009,2.01
11/18/2009,2
11/17/2009,2
11/16/2009,2.01
11/13/2009,2.01
11/12/2009,2.01
11/10/2009,2.02
11/09/2009,2.03
11/06/2009,2.04
11/05/2009,2.06
11/04/2009,2.07
11/03/2009,2.07
11/02/2009,2.05
10/30/2009,2.06
10/29/2009,2.04
10/28/2009,2.04
10/27/2009,2.03
10/26/2009,2.04
10/23/2009,2.05
10/22/2009,2.07
10/21/2009,2.08
10/20/2009,2.1
10/19/2009,2.12
10/16/2009,2.13
10/15/2009,2.13
10/14/2009,2.14
10/13/2009,2.16
10/09/2009,2.17
10/08/2009,2.18
10/07/2009,2.19
10/06/2009,2.21
10/05/2009,2.22
10/02/2009,2.24
10/01/2009,2.21
09/30/2009,2.18
09/29/2009,2.19
09/28/2009,2.16
09/25/2009,2.14
09/24/2009,2.13
09/23/2009,2.13
09/22/2009,2.12
09/21/2009,2.12
09/18/2009,2.12
09/17/2009,2.12
09/16/2009,2.13
09/15/2009,2.17
09/14/2009,2.21
09/11/2009,2.23
09/10/2009,2.26
09/09/2009,2.27
09/08/2009,2.29
09/04/2009,2.32
09/03/2009,2.33
09/02/2009,2.33
09/01/2009,2.33
08/31/2009,2.31
08/28/2009,2.33
08/27/2009,2.35
08/26/2009,2.35
08/25/2009,2.35
08/24/2009,2.37
08/21/2009,2.4
08/20/2009,2.45
08/19/2009,2.47
08/18/2009,2.44
08/17/2009,2.41
08/14/2009,2.34
08/13/2009,2.36
08/12/2009,2.37
08/11/2009,2.34
08/10/2009,2.35
08/07/2009,2.37
08/06/2009,2.39
08/05/2009,2.41
08/04/2009,2.43
08/03/2009,2.44
07/31/2009,2.47
07/30/2009,2.56
07/29/2009,2.63
07/28/2009,2.66
07/27/2009,2.7
07/24/2009,2.72
07/23/2009,2.74
07/22/2009,2.77
07/21/2009,2.79
07/20/2009,2.84
07/17/2009,2.91
07/16/2009,2.97
07/15/2009,2.97
07/14/2009,3.03
07/13/2009,3.04
07/10/2009,3.05
07/09/2009,3.04
07/08/2009,3.05
07/07/2009,3.05
07/06/2009,3.05
07/02/2009,3.05
07/01/2009,3.05
06/30/2009,3.06
06/29/2009,3.1
06/26/2009,3.11
06/25/2009,3.1
06/24/2009,3.09
06/23/2009,3.08
06/22/2009,3.07
06/19/2009,3.07
06/18/2009,3.09
06/17/2009,3.07
06/16/2009,3.03
06/15/2009,3.04
06/12/2009,3.07
06/11/2009,3.11
06/10/2009,3.15
06/09/2009,3.22
06/08/2009,3.25
06/05/2009,3.25
06/04/2009,3.28
06/03/2009,3.29
06/02/2009,3.31
06/01/2009,3.43
05/29/2009,3.52
05/28/2009,3.63
05/27/2009,3.7
05/26/2009,3.78
05/22/2009,3.82
05/21/2009,3.84
05/20/2009,3.87
05/19/2009,3.94
05/18/2009,4.02
05/15/2009,4.08
05/14/2009,4.14
05/13/2009,4.1
05/12/2009,4.07
05/11/2009,4.07
05/08/2009,4.07
05/07/2009,4.14
