TradeDate,0M,1M,2M,3M,6M,9M,1Y,15M,18M,2Y,30M,3Y,42M,4Y,5Y,7Y,10Y,12Y,15Y,20Y,25Y,30Y,40Y,50Y,60Y,80Y,100Y
2019-01-02,0.00200999192518,0.00200999192518,0.00210175964261,0.0022293914594,0.0028133652533,0.00354166596902,0.00429702596719,0.00496873726041,0.00561217587662,0.00673344655824,0.0077429993383,0.00868994119358,0.00954743082707,0.0103263134459,0.0117390101721,0.0140998567304,0.0167672498476,0.0182432110921,0.019972233163,0.0218003385872,0.0230963005062,0.0236147806387,0.0236239749295,0.0236331692203,0.0236423635112,0.0236655284918,0.0236865092903
2019-01-03,0.00196590854114,0.00196590854114,0.00205878463732,0.00218480675243,0.00275238836483,0.00346840988567,0.00423055144844,0.00492566137194,0.00560241411145,0.00679017229035,0.00785304423735,0.00884331799507,0.0097365696442,0.010555237921,0.0120500959214,0.0145113792288,0.0172208964354,0.018688908258,0.02039152812,0.0221490429909,0.0233658353817,0.0238630971379,0.0238580953291,0.0238530935203,0.0238480917115,0.0238607423805,0.0238789956752
2019-01-04,0.00158902926832,0.00158902926832,0.00168354554834,0.00180874917671,0.00236349662992,0.00307021822666,0.00384088767937,0.00456123806951,0.00527407318781,0.0065312193388,0.0076437666646,0.00866138690277,0.0095606639485,0.0103636360018,0.0117913758579,0.0141404354708,0.0167561276301,0.0181889226061,0.0198405749769,0.0215397043146,0.022728836209,0.0231558216898,0.0231654943277,0.0231751669655,0.0231848396034,0.023216934043,0.0231693810803
2019-01-07,0.00148814602672,0.00148814602672,0.00157894780053,0.001697672226,0.00221881121956,0.00288690488328,0.00362561171768,0.00432583291273,0.00502670280868,0.00627844319785,0.00739270134005,0.00841266224256,0.00931573095494,0.0101169884016,0.0115345669805,0.0138634590496,0.0164459026318,0.0178564461544,0.0194685081048,0.021104895019,0.0222457024125,0.0226136299689,0.0226249969939,0.0226363640189,0.022647731044,0.0226528137754,0.0226114426978
2019-01-08,0.00132021061597,0.00132021061597,0.00140946895086,0.00152448582007,0.0020242131767,0.00266942922799,0.00339425714711,0.00409208985191,0.00479872933185,0.0060706395365,0.00719868964659,0.00822226957062,0.00911810010441,0.00990158222589,0.0112573949805,0.0134817363538,0.0159856559557,0.017372721063,0.0189577007488,0.020571405358,0.0217045614923,0.0220271719848,0.0220460063972,0.0220648408096,0.022083675222,0.0220677884031,0.0220317955656
2019-01-09,0.00114296849083,0.00114296849083,0.00123190835899,0.00134487031155,0.00183077439511,0.0024629234128,0.00318414797968,0.00388857414078,0.00460708657909,0.00589727586742,0.0070221636817,0.00802614412018,0.00889643155739,0.00965375087531,0.0109529703919,0.0131239759443,0.0156246008302,0.0170298329698,0.0186616467493,0.0203997235371,0.0216814632412,0.022044206408,0.0220959880117,0.0221477696154,0.0221995512191,0.0222098035587,0.0221784897902
2019-01-10,0.000910658130814,0.000910658130814,0.00100236494903,0.00112107862357,0.00164416207055,0.00232396367726,0.00308004378309,0.00380114872123,0.00452625251601,0.00581409320501,0.00692956877531,0.0079219161459,0.00878183662312,0.00953222912493,0.0108294491027,0.0130382377511,0.0156060406582,0.0170522708325,0.0187442078245,0.0205673661633,0.0219180855573,0.0223190656055,0.0223765683268,0.0224340710481,0.0224915737694,0.0225269059537,0.0224996629751
2019-01-11,0.00063864684459,0.00063864684459,0.00073151881982,0.000849741616597,0.00136407657725,0.00203767920425,0.00280068338156,0.00354007513663,0.00428889129511,0.00562018302256,0.00676690684201,0.0077817172611,0.00865779638588,0.00942065765049,0.0107284198426,0.0129621373089,0.0155834791989,0.0170690124249,0.0188318713,0.0207824052701,0.0222528088018,0.022715040825,0.0227870343031,0.0228590277813,0.0229310212594,0.0230084687041,0.0229847673126
2019-01-14,0.000746362148911,0.000746362148911,0.000836369088815,0.000949736359892,0.00143947904658,0.00208418733275,0.00282314652977,0.00354620821873,0.00428234319616,0.00559434536996,0.00672382596988,0.00772015528725,0.00857895463966,0.00932920481018,0.0106231091856,0.0128756896869,0.0155654813961,0.0171045902876,0.0189341421029,0.0209615486363,0.0224884312491,0.0229878592539,0.0230628027109,0.023137746168,0.023212689625,0.023317257367,0.0232966371565
2019-01-15,0.000736267572104,0.000736267572104,0.000826592711608,0.000942560137148,0.00145434695692,0.00212308781343,0.00286985523103,0.00358478887719,0.00430400129057,0.00557839389405,0.00667847907198,0.00765410605769,0.00850011020945,0.00924399481381,0.010530239146,0.0127742464818,0.0154682811208,0.0170161926681,0.0188633410115,0.0209246211517,0.0224847033549,0.0229956547042,0.0230757682038,0.0231558817034,0.0232359952029,0.0233514492323,0.0233335096492
2019-01-16,0.000875244559512,0.000875244559512,0.000961746325849,0.00107180395111,0.00155365999099,0.00218647112266,0.00290131599812,0.00359206001349,0.00429066479441,0.00553543055668,0.00661768168544,0.00758271777552,0.00842210866075,0.00916144314939,0.0104341572632,0.0126664535589,0.0153793749875,0.0169512595154,0.0188090672587,0.0208318737677,0.0223280601286,0.0228021839566,0.0228705986402,0.0229390133238,0.0230074280074,0.0230875877267,0.0230719802893
2019-01-17,0.000708527844013,0.000708527844013,0.000796577597446,0.000911200220867,0.00142405016179,0.00209063692013,0.00282236747445,0.00351305676187,0.00420385688884,0.00543225829033,0.00650778176885,0.00747142624813,0.00831058998856,0.00905022176669,0.0103175121993,0.0125268303713,0.0152129062909,0.0167717405919,0.0186303965906,0.0206990216264,0.0222636288784,0.022758099372,0.0228416790002,0.0229252586285,0.0230088382567,0.0231122426233,0.0230986641528
2019-01-18,0.000626938552076,0.000626938552076,0.000710769727129,0.000823155586873,0.00133834201812,0.00199881740987,0.00269908270281,0.00334138038806,0.00397526082448,0.00510404751155,0.00610643675563,0.00701503515434,0.00781561399603,0.00853197994601,0.009776114142,0.0119793962536,0.0146864545016,0.0162655282,0.0181099546357,0.0200917661061,0.021566111907,0.021973577794,0.0220529609669,0.0221323441398,0.0222117273127,0.0222550025344,0.0222309053982
2019-01-22,0.000642723436823,0.000642723436823,0.000726425374943,0.000840235958023,0.00136725909336,0.00203696294697,0.00273394479995,0.00336324970616,0.00397774851436,0.00505944101977,0.00600823622972,0.00686194216364,0.00761537762069,0.00829695726094,0.00951222813538,0.0116874237526,0.0143781496078,0.0159571633488,0.0178005461546,0.0197764166846,0.0212405919538,0.0216191404568,0.0216988682452,0.0217785960336,0.021858323822,0.0218802978881,0.0218593333796
2019-01-23,-0.000328405561052,-0.000328405561052,-0.000237306788736,-0.000112550694793,0.000467755778278,0.00120117529961,0.00195888616671,0.00264150359356,0.00330836049421,0.00448740199894,0.00552606081816,0.00646328381537,0.00729059194793,0.00803652285185,0.00935100659992,0.0116334139747,0.0143879925529,0.0159833906552,0.017834689571,0.0198089255668,0.0212772736364,0.0216609829838,0.0217414390045,0.0218218950251,0.0219023510457,0.0219288425638,0.0219106034414
2019-01-24,-0.000289568391801,-0.000289568391801,-0.000200241168264,-7.67047225563e-05,0.000501791158779,0.00122794513686,0.00196918098105,0.00263086443969,0.00327453484466,0.00441506103028,0.00543085289816,0.00635955740641,0.00718838740057,0.00794119610633,0.00927586148318,0.0116147131807,0.0144766218892,0.0161504852255,0.0181112454816,0.0202309581767,0.0218119879155,0.022269494155,0.0223650889739,0.0224606837927,0.0225562786115,0.022625341978,0.0226094739415
2019-01-25,-0.000266392937459,-0.000266392937459,-0.000175508452333,-4.83122569529e-05,0.000551661821452,0.00129788831418,0.00204853387192,0.00271193537256,0.00335419059518,0.00448935372168,0.00550005263159,0.00642329850903,0.00724596762804,0.00799207473147,0.00931201556576,0.0116272792196,0.0144620783651,0.0161197778372,0.0180573892438,0.0201442129035,0.0216995766888,0.0221428945803,0.0222355122969,0.0223281300136,0.0224207477302,0.0224820344426,0.0224682292509
2019-01-28,-0.000236287712194,-0.000236287712194,-0.000145052562293,-2.01514628234e-05,0.000560202144097,0.00129195729107,0.00204999471894,0.0027371080798,0.00340975547179,0.00459475732711,0.00563571581437,0.00657778311545,0.00741276314968,0.00816623146988,0.00949148795919,0.0118207071254,0.0146549678205,0.0163001336495,0.0182104525469,0.0202372864601,0.0217313755221,0.0221635205574,0.0222457771775,0.0223280337976,0.0224102904177,0.0224669949682,0.0224549844514
2019-01-29,-0.000333997011841,-0.000333997011841,-0.000246518672197,-0.000128732676323,0.000412552414806,0.00110283165348,0.00183454449057,0.00251106109615,0.00318121285265,0.00437385846322,0.00542961883143,0.00638868097824,0.00724063033617,0.0080113652611,0.00937036976428,0.0117376443568,0.0146060403536,0.0162704732615,0.0181938564793,0.0202140747877,0.0216907474078,0.0221103558916,0.0221874440969,0.0222645323022,0.0223416205075,0.0223903323988,0.0223798832492
2019-01-30,-0.00234347048781,-0.00234347048781,-0.0022047846209,-0.00201130005754,-0.00109560776331,3.94663725148e-05,0.00114480514582,0.00207353833863,0.00292425718971,0.00430622148196,0.00543424426223,0.00640565288032,0.00724447535016,0.00799534626085,0.00932339768565,0.011673606363,0.0145726773538,0.0162747814294,0.0182508407384,0.020347176994,0.0218895671058,0.0223416276645,0.0224303859861,0.0225191443078,0.0226079026294,0.0226766375093,0.0226675467491
2019-01-31,-0.00302369389068,-0.00302369389068,-0.00288373642152,-0.00269266286479,-0.00180205021068,-0.000681396352491,0.000448990844518,0.00143282225344,0.00235484388702,0.00386914770407,0.00509684401048,0.00613788224162,0.00702131821594,0.00780001009179,0.00915026388512,0.0114643436679,0.0142954160262,0.0159612957204,0.0178966294055,0.0199578630205,0.0214849062566,0.0218943289234,0.0219916217901,0.0220889146567,0.0221862075233,0.0222228951141,0.0222149861527
2019-02-01,-0.00237439067035,-0.00237439067035,-0.00224806322013,-0.00207645095669,-0.00127925563367,-0.000272602146216,0.00075118018719,0.00164981431874,0.00249703272051,0.00389790875304,0.00504339679585,0.00602518449772,0.00686870841439,0.00762299498213,0.00896283506493,0.0112740459276,0.0140838369016,0.0157293164938,0.0176202306979,0.01961205514,0.0210925360546,0.0214593072031,0.0215612170529,0.0216631269026,0.0217650367524,0.0217730672594,0.021766186463
2019-02-04,-0.00310859922951,-0.00310859922951,-0.0029791840349,-0.00280707776264,-0.00202106305379,-0.00101551392765,4.03941436716e-05,0.000996185142569,0.00191452650528,0.0034465481076,0.00469441317261,0.00575242415728,0.00664805208846,0.00743708785724,0.00881051243457,0.0111237308669,0.013916511806,0.0155527962419,0.0174312810781,0.0193964757773,0.0208424585061,0.021179868533,0.0212749242273,0.0213699799215,0.0214650356158,0.0214567791647,0.0214507928718
2019-02-05,-0.00279272320036,-0.00279272320036,-0.00267142725879,-0.00251138305402,-0.00178449527881,-0.000848238931865,0.000148282816109,0.00106122135821,0.00194472979367,0.003426488529,0.00463527623052,0.00565881844116,0.00652447412758,0.00728878550939,0.00862814480074,0.0108744450609,0.013593745499,0.0151951758169,0.0170590378296,0.0190798296144,0.0206189546952,0.0209671420629,0.0211005258817,0.0212339097004,0.0213626847539,0.0213478740031,0.0213426659283
2019-02-06,-0.00220887748065,-0.00220887748065,-0.00209325452263,-0.00194205679305,-0.00125942004121,-0.000373230796538,0.000583904679883,0.00147094500106,0.00233467084254,0.00379595966801,0.0050038628877,0.00603802495826,0.00691710982664,0.00769160190361,0.00903010594351,0.0112725788048,0.0139723826845,0.0155512801384,0.0173873877683,0.0193689615785,0.0208700844842,0.0212304576268,0.0213521242162,0.0214737908056,0.0215950099234,0.0215968450821,0.021592314057
2019-02-07,-0.00235048773547,-0.00235048773547,-0.00222888992942,-0.00206652010033,-0.00133052223915,-0.000397936928066,0.000592842009813,0.00150646789708,0.00239644289916,0.00390414674762,0.00514963863758,0.00621580770898,0.00712189879161,0.00791755957428,0.00927432446087,0.0115187023854,0.0142131935994,0.0157889121617,0.0176452428567,0.0196989638418,0.0212813444509,0.0216932483647,0.0218330117177,0.0219727750707,0.0221206533176,0.0221456392149,0.0221416972231
2019-02-08,-0.00179070820159,-0.00179070820159,-0.00167401286814,-0.00151398278626,-0.000782543886051,0.000116489593252,0.00104438419552,0.00188743905914,0.00270606622947,0.00410305339941,0.005274146964,0.00628972113492,0.0071611457434,0.00793217336357,0.00925995538032,0.0114644141544,0.0141154506794,0.015668083826,0.0174955587838,0.0195132975546,0.0210659778509,0.0214465962387,0.0215852208371,0.0217238454355,0.0218606892548,0.0218720962389,0.021868666706
2019-02-11,-0.00143532664213,-0.00143532664213,-0.00133158344448,-0.001188066464,-0.00053026746026,0.00027420201933,0.00110397353904,0.00186209905567,0.00260542583641,0.00390156704888,0.00502326799165,0.00602417098117,0.00690193624998,0.00769014822751,0.00906789738048,0.0113551161336,0.0140631103301,0.0156301938133,0.0174445272918,0.019403048997,0.0208972108651,0.0212461999548,0.0213758179329,0.021505435911,0.0216297128807,0.021628656456,0.0216256727624
2019-02-12,-0.00102139859415,-0.00102139859415,-0.000923455767658,-0.00078608337926,-0.000155446774333,0.00060149082162,0.00137044153883,0.00206843382616,0.00275307831283,0.00395765985875,0.00501841546225,0.00598058730702,0.00683648231629,0.00761404144849,0.00899134975444,0.0112925249016,0.0140337102328,0.0156273303179,0.0174699789877,0.0194456837451,0.0209390148592,0.021286953135,0.0214126823999,0.0215384116648,0.0216594942524,0.0216605498942,0.0216579540807
2019-02-13,-0.000782808688017,-0.000782808688017,-0.000689599690935,-0.000557150543685,5.12038020831e-05,0.000768158347148,0.0014864699634,0.0021358815392,0.00277535680022,0.00391325206778,0.00492956426788,0.00586215938616,0.00670031686209,0.0074693315241,0.00885243075977,0.011183746178,0.0139647526302,0.0155814101258,0.0174579355358,0.0194948551828,0.021053297967,0.0214262675251,0.021564836712,0.021703405899,0.0218379324768,0.0218525541997,0.021850295842
2019-02-14,-0.000272464971583,-0.000272464971583,-0.000182767556125,-5.35481844103e-05,0.000540092123744,0.00122729328699,0.00190570874288,0.00251529741964,0.00311693498973,0.00419863291577,0.00517910770561,0.00609005929705,0.00691610106297,0.00767814050454,0.00905749728713,0.0114202848767,0.0142601561233,0.0159132310503,0.0178419866218,0.0199514257789,0.0215673773356,0.021992036604,0.0221307024569,0.0222693683097,0.0224045170925,0.0224576746889,0.0224557099177
2019-02-15,-0.000291924863011,-0.000291924863011,-0.000202513974496,-7.238689773e-05,0.000524583591532,0.00120594090216,0.00187130875988,0.00246511191282,0.00305021515135,0.00410819024474,0.00507779174783,0.00598533504317,0.00681098660498,0.00757403256243,0.00895815442719,0.0113210501744,0.0141508488569,0.0157954244203,0.017700324212,0.0197616175755,0.0213344422134,0.0217264864586,0.0218621563101,0.0219978261617,0.0221304361622,0.0221613698292,0.0221596604783
2019-02-19,-7.69343881215e-05,-7.69343881215e-05,1.1913739132e-05,0.000143169648218,0.000742752365584,0.0014106055824,0.00205213838629,0.0026208053288,0.00318151915727,0.0042008841116,0.00514259938506,0.00603014996391,0.00684193038159,0.00759503169411,0.00896953206817,0.0113430347825,0.0142057758459,0.0158741873259,0.0178081387424,0.0199023144343,0.0214992267072,0.021904551639,0.0220419137769,0.0221792759148,0.0223139759824,0.0223557894821,0.0223543023468
2019-02-20,0.000123125707941,0.000123125707941,0.00021226334602,0.000344142485129,0.000940225356581,0.00159322734935,0.00221684624943,0.0027716969891,0.00332379788675,0.00434001419395,0.00528566385867,0.00618062194547,0.00700172029652,0.0077651549758,0.00915815428062,0.0115573268801,0.0144291119536,0.0160921682781,0.0180311517879,0.0201650088291,0.0218170262224,0.0222660398659,0.0224149247692,0.0225638096726,0.0227103785747,0.0227908724807,0.022789578673
2019-02-21,0.000104276806728,0.000104276806728,0.000197389050694,0.000337047975471,0.000963257749689,0.0016312143552,0.00225930792855,0.00281525735506,0.00336840119378,0.00438556650187,0.0053304950702,0.00622441602289,0.0070450556099,0.00780889438259,0.00920441884846,0.0116187078663,0.014519758316,0.0162027580003,0.0181689907722,0.0203291486454,0.0219894662441,0.0224569996492,0.0226005135977,0.0227440275461,0.0228855265734,0.0229781325894,0.0229770069767
2019-02-22,0.000394306724614,0.000394306724614,0.000483690020866,0.000620020243603,0.001230242576,0.001868432746,0.00245924821812,0.00297886698304,0.00349685953685,0.00446160775418,0.00537629734716,0.00625101561057,0.0070551191972,0.00779933874167,0.0091367609116,0.0114067736093,0.0141247960963,0.0157050925663,0.0175031476667,0.0193738705474,0.0207587286131,0.021060388179,0.0211634184047,0.0212664486304,0.0213525848569,0.0213583284729,0.0213573491898
2019-02-25,0.000640097610891,0.000640097610891,0.000724064674853,0.000853693920034,0.00143081649353,0.00202316743619,0.00256399893048,0.00303711880352,0.00350888162778,0.00439404031206,0.00524630774789,0.00607517365292,0.00684922881839,0.00757707065901,0.00891674187291,0.0112065346704,0.0139248655271,0.0154938914076,0.0172659277818,0.0191057439304,0.0204815679871,0.0207608246885,0.0208692337656,0.0209776428427,0.0210573144443,0.0210623113902,0.0210614594139
2019-02-26,0.000702447306758,0.000702447306758,0.000792873953687,0.000931347279808,0.00152433279605,0.00211777405829,0.00265611136082,0.00312742068389,0.00359803237789,0.00448233129744,0.00533388456741,0.00616094897807,0.00693290192494,0.00765937698162,0.00900331706035,0.0113349541071,0.0141154337293,0.015718896207,0.0175340474579,0.0194312176745,0.0208577010547,0.0211748099608,0.0212936244902,0.0214124390196,0.0215186293588,0.0215229767017,0.0215222354823
2019-02-27,0.000609297343078,0.000609297343078,0.00070180101871,0.000844277194474,0.00145118524446,0.00205154262501,0.00259420399806,0.00306835856752,0.00354066710898,0.00442564609206,0.00527691621042,0.00610473537693,0.00687939433523,0.00761079102925,0.00897015413578,0.0113249332644,0.014107926017,0.0157012831966,0.0174965240115,0.019359993333,0.0207577869044,0.0210632249504,0.0211773941714,0.0212915633923,0.0213947495677,0.0213909696709,0.0213903248101
2019-02-28,0.000454287457112,0.000454287457112,0.000545643437592,0.000686270650722,0.0012801769729,0.00186258517659,0.00239043772118,0.00285547234533,0.00332196449757,0.00419819102501,0.00503489897284,0.00583999415492,0.00658862234375,0.00729511749293,0.00861561993435,0.0109020501279,0.0136299988456,0.0152079884147,0.0169977151906,0.0188752833223,0.0202919974266,0.0205689112394,0.0206947262766,0.0208205413138,0.0209368011013,0.0208955335241,0.0208949724952
2019-03-01,0.00100546840333,0.00100546840333,0.0010873104404,0.00121569789456,0.00175517310071,0.00226795325679,0.00271968515156,0.00311424163593,0.00351334213032,0.00428569065923,0.00504965001889,0.00580310383241,0.00651629893081,0.00719945274533,0.00850273636506,0.0107809561509,0.0134847801637,0.0150386684786,0.0167801483678,0.0185675049014,0.0199001204595,0.0201369617477,0.0202507763452,0.0203645909427,0.020470092473,0.0204029190045,0.0204024309094
2019-03-04,0.00119766680415,0.00119766680415,0.00127510193227,0.00139741081649,0.00190722371761,0.00238512202888,0.00280477528362,0.00317345268452,0.00354917582136,0.00428454014629,0.00502111258002,0.0057567695542,0.00646182962768,0.00714462055512,0.00846284539191,0.0107673787312,0.0134868552396,0.0150429037773,0.0167863442603,0.0185805960614,0.0199248702954,0.0201731648489,0.0202907227469,0.0204082806448,0.0205183980612,0.0204599571436,0.0204595325008
2019-03-05,0.00106663886178,0.00106663886178,0.00114422477854,0.00126694281788,0.00177172137,0.00223890236411,0.00265107619543,0.00301922994982,0.00340281788548,0.0041715585856,0.00494907804438,0.00572190429606,0.00645476778225,0.00715629972356,0.00848660424008,0.0107843141236,0.0135133029452,0.0150882186399,0.0168769093387,0.0187564741093,0.0201754128708,0.0204627320603,0.0205925895063,0.0207224469524,0.0208567281477,0.0208058845495,0.0208055151102
2019-03-06,0.00130889400194,0.00130889400194,0.00137636924344,0.00148309304221,0.00192460725686,0.00234211229563,0.00272184226164,0.00307080332251,0.00344142484123,0.00419779398025,0.00497170444272,0.00574510277349,0.00647943264943,0.0071818374026,0.00851244878835,0.0108153084934,0.0135576878601,0.0151426606932,0.0169519198082,0.0188722494305,0.0203314999558,0.0206424731052,0.0207811325969,0.0209197920886,0.0210701942684,0.0210259603379,0.0210256389258
2019-03-07,0.00193279771002,0.00193279771002,0.00197728652878,0.00204820824901,0.00233182631106,0.00259728639244,0.00285811860002,0.00312354454202,0.00342823085187,0.00410046132207,0.00482716310752,0.00557771959222,0.00630649472843,0.00701347714678,0.00836634290273,0.0107033098875,0.0134676875723,0.0150583504501,0.0168704095616,0.0188033086909,0.0202876661288,0.0205990509503,0.0207493723516,0.0208996937529,0.0210526297969,0.0210141462774,0.0210138666488
2019-03-08,0.00204327223805,0.00204327223805,0.00208581909659,0.00215368806108,0.00242529481342,0.00268561901738,0.00294950563713,0.00322254002168,0.00353721921651,0.00422676240715,0.00496363443933,0.0057187842664,0.00644883434059,0.00715496428656,0.00850315331317,0.0108462652792,0.0136486381512,0.0152734475038,0.0171416920632,0.0191588845715,0.0207110417058,0.021067269909,0.0212279576738,0.0213886454387,0.021573739768,0.0215402591061,0.0215400158292
2019-03-11,0.000825816878611,0.000825816878611,0.000905796595212,0.00103289897149,0.00150179464071,0.00191384142259,0.00230368503005,0.00267619239122,0.00307789082467,0.00389771775723,0.00472927818351,0.00555285868246,0.00632859932152,0.00706412510251,0.00843593598183,0.0107537684407,0.0134845950652,0.0150594864082,0.0168694938607,0.0188214613404,0.0203240672703,0.0206359827291,0.0207874005957,0.0209388184623,0.0210899378324,0.0210589593004,0.0210587476495
2019-03-12,-0.000209780255294,-0.000209780255294,-9.29182577136e-05,9.21392256382e-05,0.000750344837232,0.00130739951979,0.00181880631516,0.00228817478241,0.0027746304736,0.00371872943175,0.00463305235756,0.00550640755206,0.00630645968972,0.0070507867756,0.00841763924865,0.0107115073536,0.0134040259851,0.0149535650287,0.0167257804977,0.0186311268304,0.0201041381235,0.0203925744675,0.0205468615353,0.0207011486032,0.0208363682489,0.020809416926,0.0208092327898
2019-03-13,-0.000334249677633,-0.000334249677633,-0.000221650879557,-4.91888081725e-05,0.00056334553216,0.00109721714889,0.00160391689122,0.00208102584517,0.00258270754824,0.00356446593069,0.00451131594401,0.00540752289088,0.0062191402427,0.00696688088781,0.00832945945258,0.0106181342283,0.0133517858353,0.0149488371014,0.0168051629653,0.0188505378931,0.0204485082994,0.0207814401198,0.0209590105867,0.0211365810536,0.0213031950986,0.0212797474477,0.0212795872492
2019-03-14,-0.000363429859376,-0.000363429859376,-0.000252831465139,-8.93231747381e-05,0.000490196509997,0.00101219463348,0.0015253833396,0.00202115409064,0.00254994776353,0.00358938218859,0.00457968237769,0.00550078661379,0.00632181191674,0.00706973273823,0.00841922086567,0.010685602787,0.0134110584525,0.0150116546306,0.0168861687868,0.0189766330681,0.0206190759047,0.0209767154678,0.0211632395815,0.0213497636951,0.02153370371,0.0215133042537,0.021513164881
2019-03-15,-0.000651312484629,-0.000651312484629,-0.000520214941654,-0.000324715102549,0.00035077288943,0.000943830745559,0.00151525271395,0.00205432113699,0.00261644635822,0.00369399516895,0.00470044074885,0.00562393548768,0.00643880180075,0.00717509599102,0.00849232899518,0.0106982042745,0.0133658573146,0.0149407603673,0.0167872949307,0.0188486833493,0.0204690653851,0.0208129420696,0.0210084861753,0.0212040302809,0.0213777833567,0.0213600358297,0.0213599145754
2019-03-18,-0.000954340095372,-0.000954340095372,-0.000802965524488,-0.000576423545294,0.000181228600764,0.000828705447003,0.001439760972,0.00200401841667,0.00258218241853,0.00367134347741,0.00467882574544,0.00560073393834,0.00641377068064,0.00714818195712,0.00846279410322,0.0106647251353,0.0133176925924,0.0148790771216,0.0167041443439,0.0187366267361,0.0203363459017,0.0206680854836,0.020871528937,0.0210749723905,0.0212407790489,0.0212253387004,0.0212252332092
2019-03-19,-0.00153074655987,-0.00153074655987,-0.00138076492079,-0.00116434698502,-0.000437547222201,0.000209633083588,0.000846985264696,0.00145517563786,0.00209131906187,0.00330423213292,0.00442053739417,0.00542619861673,0.00629665819261,0.00706878317137,0.00841488780695,0.0106110445335,0.0132463410484,0.0148025280263,0.0166458528033,0.0187445671475,0.020417661591,0.0207715175829,0.0210060041143,0.0212404906457,0.0214323141277,0.0214188810246,0.0214187892472
2019-03-20,-0.00162835459474,-0.00162835459474,-0.00145775762059,-0.0012105651886,-0.000406544402311,0.00029081063096,0.000963446495864,0.0015929073976,0.00224126076498,0.00346164182927,0.00457843936055,0.00558433055312,0.00645692873999,0.0072329260027,0.00858993603794,0.0108198222609,0.0135025836979,0.0150868460007,0.0169684560717,0.0191279876062,0.0208601640924,0.0212576614764,0.0215112051446,0.0217647488127,0.0220105897556,0.0219989029559,0.0219988231096
2019-03-21,-0.00177865841002,-0.00177865841002,-0.00160026231617,-0.00133975705684,-0.000506172971794,0.000204298909796,0.000879410710766,0.00150222297665,0.00213754655756,0.00332648227605,0.00441452518157,0.00539582282224,0.00625021402529,0.00701403302773,0.00836258650555,0.0105931083589,0.0132903392602,0.0148888273522,0.0167843285988,0.0189558899408,0.0206973727017,0.0210801561119,0.021355355744,0.0216305553762,0.0218622830137,0.0218521154979,0.0218520460316
2019-03-22,-0.00128283534445,-0.00128283534445,-0.00111916831949,-0.000883584728496,-0.000126925104048,0.000530426776524,0.0011673021563,0.00176445459733,0.00238048514785,0.00354826584327,0.00463134222864,0.00561936816834,0.00648627545384,0.00726342127545,0.00862948324014,0.0108785042316,0.0135683681661,0.0151496252142,0.0170058033686,0.0190984523752,0.020760516477,0.0211201603534,0.0213742248293,0.0216282893052,0.021846547899,0.0218377021603,0.0218376417246
2019-03-25,-0.0011337531794,-0.0011337531794,-0.000976803847603,-0.000756099091732,-4.10007996793e-05,0.000603582491264,0.00124956704509,0.00187002717383,0.00251924584691,0.00375861280048,0.00490204120449,0.00593170755238,0.0068207640565,0.00760604809193,0.00896116082008,0.0111907748726,0.0138542519162,0.0154163792295,0.0172468262133,0.0193072591944,0.0209430894953,0.0212992268222,0.0215575129841,0.0218157991461,0.0220389381817,0.022031242389,0.02203118981
2019-03-26,-0.0016924230861,-0.0016924230861,-0.00153954879713,-0.00132995741718,-0.000644804479504,-3.45686321694e-06,0.000660376287289,0.00131244653522,0.0020019515423,0.00331980211338,0.00451836212411,0.00557774929646,0.0064778210827,0.00726444946528,0.00861168513294,0.0107974397748,0.0134115480137,0.0149540353091,0.0167782270026,0.0188888911786,0.0206096391601,0.0209515021544,0.0212763368221,0.0216011714897,0.0217848728557,0.0217781775161,0.0217781317723
2019-03-27,-0.00128346719333,-0.00128346719333,-0.00113183688465,-0.000927986560532,-0.000264198624323,0.000367854385418,0.00103220044003,0.00169148503877,0.00239240168295,0.00373197684171,0.00494211592758,0.00600267772623,0.00689554959424,0.00766911532028,0.0089796169377,0.0111224670014,0.0137009074191,0.0152243489659,0.0170312029762,0.0191452250109,0.0208868439537,0.0212439120529,0.0215927648565,0.02194161766,0.02215239974,0.0221465747945,0.0221465349974
2019-03-28,-0.000847174729978,-0.000847174729978,-0.000709793848598,-0.000526626268408,7.13869671871e-05,0.000647113977209,0.00125781519745,0.00186806980808,0.00252060514366,0.00377998350928,0.00492971628215,0.00594112968065,0.00679339862124,0.00753389446386,0.00880407569404,0.0109092024683,0.0134781886123,0.0150100125137,0.0168301976916,0.0189649008377,0.0207271029896,0.0210650760566,0.0214329851678,0.0218008942791,0.0219800458627,0.0219749781602,0.0219749435367
2019-03-29,-0.000626983797467,-0.000626983797467,-0.000498559727336,-0.000329682340558,0.000224598434098,0.000768534295773,0.00135464440149,0.00194665363315,0.00258446226176,0.00382447774147,0.00496306131536,0.00596775966322,0.00681565521151,0.00755319701749,0.00881993996049,0.0109163864116,0.0134728145188,0.0149974581982,0.0167972085346,0.0188803404257,0.0205852357798,0.0208950383287,0.0212529736302,0.0216109089318,0.0217581167855,0.0217537078843,0.0217536777619
2019-04-01,-0.000747299692088,-0.000747299692088,-0.000622598466933,-0.000461702057668,6.69922305999e-05,0.000595252586307,0.00117249904102,0.00176061587497,0.00239700551471,0.00363666572985,0.00477151105343,0.00576662905243,0.00660322970473,0.00733032040563,0.00858432014721,0.0106645673278,0.0131982583353,0.0147079705432,0.0164869205449,0.0185487629642,0.0202444045176,0.0205265017501,0.0208931420321,0.0212597823141,0.0213681823069,0.0213643465629,0.0213643203564
2019-04-02,-0.000285622559028,-0.000285622559028,-0.000169535000931,-2.14017185967e-05,0.000467408075308,0.000963538677235,0.00151218113332,0.00207596399168,0.00269036156658,0.00389695860918,0.00501010759418,0.00599064731416,0.00681574869259,0.00753142847149,0.00876276162722,0.0108231157828,0.0133473921434,0.0148539910648,0.0166231462449,0.0186615041212,0.0203320126558,0.0206119361992,0.0209682779318,0.0213246196644,0.0214390111,0.0214356740027,0.021435651203
2019-04-03,5.60714906423e-06,5.60714906423e-06,0.000115050993451,0.000252992740038,0.000710468290716,0.00118286772011,0.00171193142863,0.00225975365624,0.00285845002447,0.00402753780911,0.00509108108991,0.00601734588721,0.00679231034532,0.00746508575541,0.00863420605695,0.0106164995805,0.0130582077815,0.0145175346097,0.0162276910046,0.0182080199654,0.0198479510434,0.0200979305955,0.0204688866555,0.0208398427156,0.0209111667478,0.0209082634731,0.0209082436375
2019-04-04,-0.000149587361021,-0.000149587361021,-4.36913265594e-05,8.77832072961e-05,0.000526541363488,0.0009892840106,0.00151542549437,0.00206493805275,0.00266833193911,0.00384939458468,0.00492418990539,0.00586031713546,0.00664455713011,0.00732512882449,0.0085030037107,0.010479946894,0.0129070619261,0.014358081918,0.0160584542497,0.0180130453968,0.0196183587889,0.0198439094984,0.0202019246649,0.0205599398315,0.0206022330219,0.0205997071729,0.0205996899159
2019-04-05,-0.000550090663483,-0.000550090663483,-0.000444438085896,-0.000315542724008,0.000117960172719,0.000586212198255,0.00112739075002,0.00169805675357,0.002328092784,0.00356923352961,0.00470354927003,0.00568561810007,0.00649879613886,0.00719658222006,0.00838971167116,0.0103727454543,0.012784596096,0.0142186278266,0.0158870114316,0.0177843237048,0.0193355854377,0.0195372811138,0.0198890489546,0.0202408167953,0.0202537090659,0.0202515115773,0.0202514965636
2019-04-08,-0.000553588758307,-0.000553588758307,-0.000450809669767,-0.000327077868425,9.18776555991e-05,0.00055268821116,0.00109133788939,0.00166235400777,0.00229357722045,0.00353519892231,0.00466526708257,0.00564043480603,0.00644676811817,0.00713925755255,0.00832609769698,0.0102960955942,0.0126874236847,0.0141078809685,0.0157531649807,0.017602502189,0.0191014267118,0.0192814779649,0.0196174272283,0.0199533764917,0.0199458766,0.0199439647849,0.0199439517231
2019-04-09,-0.00108749800352,-0.00108749800352,-0.000962522365164,-0.00081716107323,-0.000346264180214,0.000160492316375,0.000743532334153,0.00135475352935,0.0020253358449,0.00332978078047,0.00450140423824,0.00550200637649,0.00632289084993,0.00702456504015,0.00822365376944,0.0101921742464,0.0125344256541,0.0139071290277,0.0154787212636,0.017212483714,0.0185990598879,0.0187477319854,0.0190538605875,0.0193440217777,0.0193223305056,0.0193206672264,0.0193206558626
2019-04-10,-0.0010095745223,-0.0010095745223,-0.000890311313598,-0.000752456130733,-0.000302094194941,0.000190944696192,0.000764553346658,0.00136989531317,0.0020367503531,0.00333900083689,0.00451233986738,0.00551579039009,0.0063393895848,0.00704377124296,0.00824870151327,0.0102319992038,0.012594045635,0.0139781727731,0.0155644887081,0.0173205446339,0.0187317194295,0.0188875263249,0.0192067825498,0.01951407533,0.0194952039233,0.0194937568704,0.0194937469839
2019-04-11,-0.00105208527275,-0.00105208527275,-0.000940681438084,-0.000812730869916,-0.000389462553928,9.19784453969e-05,0.000665906281519,0.00127311225287,0.0019364964652,0.00321095522389,0.00434412424456,0.00530772115138,0.0060985673254,0.00677816952742,0.00795466467469,0.00990636314282,0.0122558502103,0.0136440873593,0.0152559176873,0.0170636571533,0.0185064496937,0.0186742807484,0.0190165917756,0.0193323475709,0.019315929447,0.019314670511,0.0193146619098
2019-04-12,-0.0017225816737,-0.0017225816737,-0.00161113908374,-0.00148191359927,-0.00103772730114,-0.000519214382295,9.82482366778e-05,0.000746906479577,0.00145021745492,0.00278257497513,0.00395344028072,0.00494388647456,0.00575440847386,0.00644864600147,0.00763957861591,0.0095775550377,0.0118610615189,0.0131936227895,0.0147471685584,0.0165118575371,0.0179153009653,0.0180901716584,0.0184511249771,0.0187578673188,0.0187358096809,0.0187347144066,0.0187347069234
2019-04-15,-0.00155892882375,-0.00155892882375,-0.00145274440665,-0.0013303384843,-0.000907953131222,-0.000410728972134,0.000185314340479,0.00081533018385,0.00150201863229,0.00281118445583,0.00396580507874,0.00494158007285,0.00573682091888,0.00641531413023,0.00758031402772,0.00950359566063,0.0118030133846,0.0131549567071,0.0147325359652,0.016520043755,0.017940808335,0.0181194333427,0.0184864377393,0.01880359008,0.018784399935,0.0187834470463,0.018783440536
2019-04-16,-0.0017268797688,-0.0017268797688,-0.00161962810499,-0.00149621232004,-0.00106108642549,-0.000534953744475,0.000102125145028,0.000774052597609,0.00150071671603,0.00286349605615,0.00404308351957,0.00502818707079,0.00582568188247,0.00650368495507,0.00766493801588,0.00957713102739,0.0118590454694,0.0131987385168,0.0147501432629,0.0164748641979,0.017829561314,0.0179895340376,0.0183240316647,0.018609550247,0.0185928548208,0.0185920258077,0.0185920201438
2019-04-17,-0.00123018369647,-0.00123018369647,-0.00113436610024,-0.00102348331198,-0.000626788038066,-0.000140325681541,0.000449874295504,0.001068592751,0.00173348850063,0.00297065581287,0.00403985476413,0.00493683983184,0.00567042815849,0.00630239652037,0.00740919821273,0.00926908520554,0.0114548214637,0.0127143274005,0.0141383655562,0.0156554901967,0.0167932864822,0.0169124601168,0.0171811972719,0.0173632601548,0.0173449925473,0.0173442713059,0.0173442663782
2019-04-18,-0.00116164228321,-0.00116164228321,-0.00106834462142,-0.000960367772912,-0.000568118622743,-7.88305724163e-05,0.000518130213803,0.00114260760971,0.00181044829551,0.00304367664616,0.00410361128422,0.00499238111252,0.00572097513847,0.00635048883453,0.00745608732305,0.00931349847282,0.0114981987495,0.0127581769455,0.0141868699209,0.0157174630943,0.0168732298184,0.0170013410047,0.0172840025778,0.0174843309392,0.0174684381207,0.0174678106407,0.0174678063536
2019-04-22,-0.000688032170761,-0.000688032170761,-0.000598686720759,-0.00049500267687,-0.000112807859786,0.000371360623579,0.000964069152213,0.00158126470148,0.00223594412847,0.00342987084371,0.00444557077366,0.00529587775399,0.0059963630948,0.00660606715377,0.00769159046461,0.00954556899268,0.0117621367073,0.0130529062572,0.014510395296,0.0160464122016,0.0172017718601,0.0173250678773,0.0175946620162,0.0178016674289,0.0177878406767,0.0177872947691,0.0177872910394
2019-04-23,-0.000742209330023,-0.000742209330023,-0.000653675033387,-0.000550649479381,-0.000165146726242,0.000331175522748,0.000941260378939,0.00157410801756,0.00224084929468,0.00344483302132,0.0044629598261,0.00531542892569,0.00601953294059,0.00663294627106,0.00772067778957,0.00956024399626,0.0117452526826,0.0130137493019,0.014451296047,0.0159863797659,0.0171562576789,0.0172907980523,0.0175798906301,0.0178055758227,0.0177935465483,0.0177930716087,0.0177930683638
2019-04-24,-0.000653281601751,-0.000653281601751,-0.000567669323189,-0.00046800185999,-9.03402230636e-05,0.0004013954595,0.00100739545279,0.00163473806726,0.0022934592372,0.00347784974978,0.00447737988793,0.00531568777867,0.0060105359841,0.00661815349166,0.00770110684865,0.00954633808921,0.0117474350567,0.0130271176631,0.014477196899,0.0160234202696,0.0172002254816,0.017338599074,0.0176327565518,0.0178647694443,0.0178543039756,0.0178538907781,0.0178538879551
2019-04-25,-0.000344309655172,-0.000344309655172,-0.000264562808189,-0.0001709909072,0.00019028636707,0.000668127989171,0.00125811417813,0.00186439432219,0.00249397410571,0.00360891894348,0.00454515778658,0.00533663299697,0.00600247659792,0.00659425595995,0.00766910607722,0.00951602440657,0.0117151796204,0.0129901273253,0.0144300740218,0.0159486914797,0.017088999507,0.0172195808375,0.0174958904534,0.0177088741707,0.0176997692129,0.0176994097311,0.0176994072751
2019-04-26,-0.000335165537441,-0.000335165537441,-0.000255444158558,-0.000161845285873,0.000202979580552,0.000690145406133,0.00129347601809,0.00191376246274,0.00255790933801,0.00369967783336,0.00466133172368,0.00547928801683,0.00616967674946,0.00678128193411,0.00787589579623,0.0097232726087,0.0119140972024,0.013185383592,0.014620689287,0.0161342305256,0.0172766800344,0.0174093232181,0.0176877874362,0.0179114001802,0.017903478867,0.0179031661178,0.017903163981
2019-04-29,-0.000124434920876,-0.000124434920876,-4.90477622123e-05,3.98705501606e-05,0.000390431493169,0.000862734739887,0.00144788735513,0.00204673103765,0.00266496748738,0.00375477543329,0.0046734363783,0.0054596524089,0.00612972308658,0.00672965512958,0.00781949584828,0.00968867287359,0.0119210315206,0.0132192588142,0.0146983725685,0.0162945730704,0.0175290128368,0.017681280027,0.0179972791375,0.0182674357966,0.0182605442541,0.0182602721623,0.0182602703033
2019-04-30,-0.00029904993347,-0.00029904993347,-0.000223755868141,-0.000134743000168,0.000219204923678,0.000699892399699,0.00129640187672,0.00190562177705,0.00253276882091,0.00363499612214,0.00456400273085,0.00535951216007,0.00603819231365,0.00664712279948,0.00776058282922,0.00969321428534,0.012014270766,0.0133660661087,0.0149087444074,0.0165870359765,0.0179067643479,0.0180752440441,0.0184221777519,0.0187387893146,0.0187327936726,0.0187325569527,0.0187325553354
2019-05-01,-0.000455969187322,-0.000455969187322,-0.000380575571989,-0.000291335929677,6.64957345034e-05,0.000555981384175,0.00116398218675,0.00178320620034,0.00241816248386,0.00352748710827,0.00445718019597,0.00525217734164,0.00593240321044,0.00654585519087,0.00767373773221,0.00962371853154,0.0119482842943,0.0132953350131,0.0148368527597,0.0165254431948,0.0178565523314,0.0180297992397,0.0183849707107,0.0187037307788,0.0186985145703,0.018698308624,0.018698307217
2019-05-02,-0.000178089204306,-0.000178089204306,-0.000104235405992,-1.80671910845e-05,0.00032141984455,0.000784641060867,0.00136644123997,0.00196729505006,0.00259085787444,0.00369285388069,0.00461976590304,0.00541096097444,0.00608633133122,0.00669422257495,0.00780882506128,0.00973778776278,0.0120526945875,0.0134009497734,0.0149495420084,0.016659740949,0.0180226142494,0.0182003171817,0.0185632726055,0.0188982626222,0.0188937245208,0.0188935453476,0.0188935441234
2019-05-03,-0.000203747098983,-0.000203747098983,-0.000130819845821,-4.5520487777e-05,0.000293602052385,0.000759082608017,0.00134317598037,0.00194441372306,0.00256604334376,0.00365991587392,0.00457865971999,0.00536419990737,0.0060371157573,0.00664526463024,0.00776571400011,0.00970245666363,0.0120171822144,0.0133614413951,0.0149054869688,0.0166060834116,0.0179523099911,0.0181266104835,0.0184817795849,0.0188034091714,0.0187994610231,0.0187993051424,0.0187993040774
2019-05-06,-0.000265058159852,-0.000265058159852,-0.000189491457509,-0.000101988121458,0.000242601799639,0.000712720513473,0.00130456602577,0.00191972664628,0.00256306001125,0.00371196591625,0.0046848831941,0.00551815986536,0.00623146889885,0.00687453105869,0.00804932992004,0.010044742707,0.0123938596687,0.013746157019,0.0152848963992,0.0169629540605,0.0183010108395,0.0184702081651,0.0188143170776,0.0191400686191,0.0191366337301,0.0191364981139,0.0191364971873
2019-05-07,-0.000325879141074,-0.000325879141074,-0.000251989904989,-0.000166927455156,0.000166238938807,0.000619217647923,0.00119051195555,0.00178719373399,0.00241452422886,0.00353982716193,0.00449036527487,0.00529914970884,0.00598997954841,0.00661494251689,0.00776819197372,0.00974874710528,0.0120855773572,0.0134300244014,0.0149692315504,0.0166623006332,0.017998587229,0.0181758408859,0.0185353196071,0.018849957295,0.0188469689416,0.0188468509555,0.0188468501494
2019-05-08,-0.000166132612882,-0.000166132612882,-9.27920414097e-05,-8.862643445e-06,0.000318077600209,0.000761081584603,0.00132086920144,0.00190847356147,0.00252984225663,0.0036505339861,0.0045977698057,0.00540160544827,0.00608740667611,0.00670805069857,0.00785607104303,0.00984152677459,0.0122059652383,0.0135743839419,0.0151476676785,0.0168961890961,0.0182947538488,0.018485197238,0.0188704091408,0.0192201760049,0.0192175761374,0.0192174734895,0.0192174727882
2019-05-09,7.14248175236e-05,7.14248175236e-05,0.000144691520484,0.000228171797908,0.000551608298256,0.000988700716848,0.00154214549352,0.00212579687241,0.0027462123991,0.00387143256482,0.00482313252888,0.00563128075944,0.0063254120984,0.00696004228366,0.00814690856868,0.0102000191642,0.0126422342494,0.0140546515615,0.0156753080532,0.0174627969002,0.0189032221379,0.0190880899113,0.0194615883164,0.0198301284786,0.0198278665939,0.0198277772902,0.01982777668
2019-05-10,-1.74787377845e-05,-1.74787377845e-05,5.47727525573e-05,0.000136802173359,0.000453327758404,0.000880121927687,0.0014214030124,0.00199446683024,0.00260662446543,0.00372409227231,0.00467196676044,0.0054759315663,0.00616530245583,0.00679524887102,0.00797426232442,0.0100078349312,0.0124138298482,0.0138003951379,0.0153894845705,0.0171379826816,0.0185276439889,0.0187079966806,0.0190719757507,0.019409222581,0.0194072547413,0.0194071770471,0.0194071765162
2019-05-13,0.000655295857825,0.000655295857825,0.000726246579301,0.000806480925064,0.00111532840834,0.00153110849493,0.00205902916899,0.00261923489572,0.00322003259788,0.00432362321507,0.00526381187277,0.00606114071405,0.0067427596291,0.00736367558945,0.00852210727475,0.0105428655522,0.012965219903,0.0143705627681,0.0159921408786,0.0177902669789,0.0192465114831,0.0194300944687,0.0198001085472,0.0201726863438,0.0201709743232,0.0201709067293,0.0201709062674
2019-05-14,0.000255628385248,0.000255628385248,0.000336428501757,0.000426880900083,0.00077012109789,0.0012274336898,0.00180826612691,0.00242827024573,0.00309775723225,0.00433071364673,0.00536880138121,0.00622749317954,0.00693883894978,0.00756885972586,0.00870761342024,0.0106645374849,0.0130185374999,0.0143916124597,0.0159680174278,0.0176860276522,0.0190482684786,0.0192139695162,0.0195478494448,0.0198727988794,0.0198713094215,0.0198712506148,0.019871250213
2019-05-15,0.000268363083442,0.000268363083442,0.000347299521909,0.000437560865292,0.000792092508524,0.00127315615094,0.00187676003658,0.00250605519515,0.00317124755389,0.0043697255328,0.00537070604072,0.00620307770581,0.00690068639163,0.00752527398875,0.00866995529467,0.0106537527806,0.0130501311154,0.0144513603411,0.0160673216908,0.017828235056,0.0192155356452,0.0193805116399,0.0197126193618,0.0200371142174,0.0200358183891,0.0200357672272,0.0200357668777
2019-05-16,0.000320061926572,0.000320061926572,0.000399009099598,0.000488968735078,0.000840647240696,0.00131681435034,0.00191604008343,0.00254367367524,0.00320939963047,0.00440888391614,0.00540604377063,0.0062293893419,0.00691555928669,0.00752860323579,0.00865292543414,0.0106099092465,0.012980854175,0.0143690838071,0.0159668973238,0.0177068559772,0.0190699968861,0.0192341102957,0.0195642126021,0.019874318395,0.0198731910244,0.0198731465136,0.0198731462095
2019-05-17,0.000523353759772,0.000523353759772,0.000602467225508,0.00069223977561,0.00104175955564,0.00151422319831,0.0021102910781,0.00273733537343,0.00340436301131,0.00460414253549,0.00559515613437,0.00640963811394,0.00708526961875,0.00768694386653,0.00878985947847,0.0107328901372,0.0130938456519,0.0144735860646,0.01604270799,0.0177318081816,0.0190524581553,0.0192123848659,0.0195338699608,0.0198317245553,0.0198307437428,0.0198307050184,0.0198307047538
2019-05-20,0.000694362387007,0.000694362387007,0.000772182437099,0.000860429772708,0.00120395705516,0.00166900189711,0.00225749380936,0.00287835086746,0.00353928983832,0.00472349410089,0.00569378905202,0.00648731591935,0.00714550120271,0.00773407287264,0.00882188060264,0.010752901677,0.0131148171639,0.0145007109849,0.0160842242124,0.0177988314726,0.0191418578331,0.0193047829422,0.0196320527167,0.0199355567492,0.0199347034423,0.0199346697521,0.0199346695219
2019-05-21,0.000372327898781,0.000372327898781,0.000454771196903,0.000547580732348,0.000905566261799,0.00138724049455,0.00199726832702,0.00264368541193,0.00333510613208,0.00458067461231,0.00560223224188,0.00643191576466,0.0071120334706,0.00771350388013,0.00881394591056,0.0107682669275,0.0131776233822,0.0146000892716,0.0162263662297,0.0179793509915,0.01934766791,0.0195089575619,0.0198327718797,0.0201405611801,0.0201398188031,0.0201397894926,0.0201397892924
2019-05-22,0.000737521052581,0.000737521052581,0.000818699274865,0.000909954809545,0.00126155666496,0.00173470816045,0.00233504094078,0.00297268983259,0.00365603330269,0.00488875115826,0.00589947889234,0.00672129570982,0.00739658411075,0.00799570822855,0.00909549878357,0.0110721373269,0.0135203513213,0.0149658335204,0.0166137606868,0.0183783129728,0.0197609952111,0.0199168360396,0.0202295921587,0.0205428396071,0.0205421937392,0.020542168239,0.0205421680648
2019-05-23,0.00061865245594,0.00061865245594,0.000697393801269,0.000785812146691,0.00112648075736,0.00158494155086,0.00216745474535,0.00278765501051,0.00345484214826,0.00466974072468,0.0056768402958,0.0065019692228,0.0071857627842,0.00779793829085,0.00893400928617,0.0109731174148,0.0134823020841,0.0149584501555,0.0166393773613,0.018440754386,0.0198483479779,0.0200117028439,0.0203393473579,0.0206602978723,0.0206597359672,0.0206597137821,0.0206597136305
2019-05-24,0.000704109734806,0.000704109734806,0.000799223713326,0.000919328474045,0.00139691880807,0.00195700035858,0.00259895990138,0.00324773557538,0.00392617871095,0.00512970037651,0.00611316149846,0.00691682368088,0.0075817680074,0.00817390122985,0.00926237120923,0.0112470827436,0.0137353192532,0.0152136900414,0.0169065918488,0.0187325574177,0.0201684326102,0.0203343485316,0.0206669936347,0.0210020595013,0.0210015706438,0.0210015513428,0.0210015512109
2019-05-28,0.000802455139549,0.000802455139549,0.000892642843738,0.00100576357807,0.00145588258654,0.00199173713901,0.00261306348002,0.00324451998718,0.0039058731833,0.00507970746322,0.00604331712766,0.00684087695238,0.00751303954216,0.00812191413313,0.00925727347856,0.0113265937936,0.0138861221517,0.0153916639057,0.0170970517489,0.0189011074837,0.0203007339221,0.0204546520495,0.0207631958409,0.0210753900692,0.0210749647632,0.0210749479713,0.0210749478565
2019-05-29,0.00170113096035,0.00170113096035,0.00177977631818,0.00187839364057,0.00227078464811,0.00273806813191,0.00328015607485,0.00383199663293,0.00441144632379,0.00544488318577,0.006301501756,0.00702243951648,0.00764442761287,0.00822091439413,0.00932516934854,0.0113889366692,0.013990725977,0.0155377020242,0.0173141493625,0.0192481731159,0.0207857862701,0.0209661300846,0.0213274332705,0.0217056092788,0.0217052392626,0.0217052246537,0.0217052245538
2019-05-30,0.00100651218914,0.00100651218914,0.00109109019204,0.00119496720193,0.00160635871329,0.00210808132204,0.00270216716628,0.00331357238584,0.00395727737586,0.00510117588522,0.00604072283067,0.00682269045536,0.00748731205586,0.00809373636551,0.00923241819091,0.011302202734,0.0138553321868,0.0153573725042,0.0170587464562,0.0188650053433,0.0202540594747,0.0204104965015,0.0207239060894,0.0210198116209,0.0210194897068,0.021019476997,0.0210194769101
2019-05-31,0.00128525645897,0.00128525645897,0.0013670400842,0.00146651442559,0.00186143297153,0.00234998296817,0.00293478821363,0.00353996416247,0.00417921339615,0.0053203167899,0.00626241552525,0.00705169771596,0.00772516453174,0.00833881456689,0.00948425410641,0.0116079469526,0.0142770224509,0.0158615518278,0.0176780550773,0.0196583726705,0.0212265132995,0.0214161453412,0.0217958753396,0.0221789972942,0.0221787172289,0.0221787061714,0.0221787060958
2019-06-03,0.00227244689221,0.00227244689221,0.00234478997033,0.00243309339362,0.00278636460286,0.00322754050088,0.00375778529313,0.00430647669982,0.00488458560098,0.00591094605296,0.00675272799401,0.00745483253333,0.00805799736317,0.00861753764983,0.00969944910316,0.0118134450849,0.0145449830174,0.0161839489576,0.0180623212126,0.0200924378726,0.0216888747384,0.0218761830851,0.0222512051245,0.0226433259211,0.0226430822643,0.0226430726442,0.0226430725785
2019-06-04,0.00208845789142,0.00208845789142,0.00215414669461,0.00223320061298,0.00255744074622,0.00297382215843,0.00348159791621,0.00401069664167,0.00457064953193,0.00556847895435,0.00638716219505,0.00706551986639,0.00764512073433,0.00818356624245,0.00923728904857,0.0112675388216,0.0138933888609,0.0154798684504,0.0173089235564,0.0193261164659,0.0208959886484,0.0211021666999,0.0215148754539,0.0218776327825,0.0218774208011,0.0218774124316,0.0218774123744
2019-06-05,0.00202015141643,0.00202015141643,0.00208504159288,0.0021625423932,0.00247897335773,0.00288816377761,0.00339017906169,0.00391526043752,0.00447250428808,0.00547069225189,0.0062945668709,0.00698109184959,0.00756959000985,0.00811604958563,0.00918112396332,0.0112151089307,0.0138136485028,0.0153720142309,0.0171616692606,0.0191360430602,0.0206675348764,0.02087399251,0.0212872145836,0.0216354287053,0.0216352442815,0.021635237,0.0216352369503
2019-06-06,0.00210341319968,0.00210341319968,0.00216149287888,0.00222989738232,0.00251781131805,0.0029012582388,0.00337798602329,0.00388120031449,0.00441933178392,0.00539508657099,0.00621207604895,0.00690186066424,0.00749952495021,0.00805858796326,0.00915353421653,0.0112374738103,0.0138752975604,0.0154477126813,0.0172383435306,0.0191936988866,0.0207023664889,0.0209033800576,0.0213056741166,0.0216432836408,0.0216431231921,0.0216431168572,0.021643116814
2019-06-07,0.00217015971542,0.00217015971542,0.00222532596578,0.00229010059227,0.00256131004058,0.00292328989126,0.0033745518786,0.00385270873629,0.00436703362446,0.00531190442699,0.00611183518599,0.00679000456137,0.00737892476177,0.0079312512544,0.00901761381127,0.0110769875086,0.0136828844592,0.0152391043028,0.017015976495,0.0189649252339,0.0204563201499,0.020664239044,0.0210803090538,0.0214067511759,0.0214066115856,0.0214066060742,0.0214066060366
2019-06-10,0.00198550611964,0.00198550611964,0.00203769281623,0.00209871725508,0.00235267494637,0.00269202392732,0.00311589479096,0.00356659832967,0.00405570321103,0.00497314959832,0.00576857794183,0.00645472749674,0.00705734947187,0.00762518994253,0.0087409054581,0.0108144327336,0.0133793472095,0.0148917563291,0.0165919354668,0.0184256206688,0.0197969451714,0.0199933280709,0.0203862959028,0.0206546823373,0.0206545608936,0.0206545560988,0.020654556066
2019-06-11,0.00192018980374,0.00192018980374,0.0019715910437,0.00203148149484,0.0022793625497,0.00261177730987,0.00302836851071,0.00347322648994,0.00395806170442,0.00487375201609,0.00567365318431,0.00637018835321,0.00698746627354,0.00757199643824,0.00872113051168,0.0108535725383,0.0134752413854,0.0150139479798,0.0167340669504,0.0185770205929,0.0199546238532,0.0201497585824,0.0205402038094,0.0208127054143,0.0208125997584,0.0208125955869,0.0208125955584
2019-06-12,0.0021948056148,0.0021948056148,0.00224737677836,0.00230838462212,0.00255953009006,0.00289770649836,0.00332285355151,0.00377670355334,0.00427047789544,0.00520006367862,0.00600898896914,0.00671060199253,0.00732888124687,0.00791027294166,0.0090454019623,0.0111964688964,0.0138878219816,0.0154793751644,0.0172640993255,0.0191728345694,0.0206146102074,0.0208087048611,0.0211970470874,0.0215007039002,0.0215006119795,0.0215006083503,0.0215006083255
2019-06-13,0.00233955780283,0.00233955780283,0.00239018535082,0.00244868635099,0.00269024448072,0.00301777854518,0.0034310280183,0.00387276197005,0.00435354695141,0.00525972154451,0.00605093972669,0.00674097233978,0.00735270879529,0.00793045376455,0.0090622993966,0.0112053695167,0.0138878277487,0.015475954319,0.0172662224681,0.0192020619739,0.020671382675,0.0208746711562,0.0212813811581,0.0215963697922,0.0215962898212,0.0215962866638,0.0215962866422
2019-06-14,0.00222929221333,0.00222929221333,0.00228474313639,0.00234885494926,0.00261133314159,0.00296866188942,0.00342089504434,0.00390303758774,0.00442383180664,0.00538858204142,0.00621472828994,0.00692449448773,0.00754632972574,0.00812881396596,0.00926000108015,0.0114087717501,0.0141114270755,0.0157152868042,0.0175369517861,0.0195340495395,0.0210718029251,0.0212879189896,0.0217202668627,0.0220739725422,0.0220739029674,0.0220739002204,0.0220739002017
2019-06-17,0.00216555724383,0.00216555724383,0.00221010080464,0.00226018066037,0.00248297421409,0.00280533310199,0.00322291314933,0.00367325027494,0.00416302850908,0.00507730315412,0.00586619875476,0.00654997739842,0.00715670130342,0.00773304338063,0.00887230526802,0.0110196513107,0.0137111228342,0.0153107938192,0.0171185492413,0.0190802254792,0.0205534982911,0.0207663819503,0.0211922499662,0.0215000024887,0.0214999419586,0.0214999395688,0.0214999395524
2019-06-18,0.00143187798096,0.00143187798096,0.00148457260672,0.00154416957937,0.00180254907329,0.00217274515137,0.00265046713049,0.00316290148778,0.00371558643813,0.00472874102642,0.00558509092259,0.00631276407381,0.00694686138124,0.00754162089458,0.00870568362159,0.0108664264328,0.0135321839414,0.0151029400395,0.0168584439607,0.0187444014998,0.0201394177379,0.0203481661855,0.0207657506872,0.0210365581463,0.0210365054852,0.021036503406,0.0210365033918
2019-06-19,0.00216710978931,0.00216710978931,0.00220879424337,0.00225589875529,0.00246148080757,0.00275692070641,0.00313918032349,0.00355359304975,0.0040073245298,0.00486415048458,0.00561591540292,0.00627859596859,0.00687477031887,0.00744737807342,0.00859606266554,0.0107566065012,0.013421322674,0.014988123886,0.0167290926574,0.0185800577761,0.0199295760274,0.0201352233849,0.0205465943177,0.0207962384079,0.0207961925927,0.0207961907838,0.0207961907715
2019-06-20,0.00122007582479,0.00122007582479,0.00125777956572,0.00130035211687,0.00148559639568,0.0017514700151,0.00209583341278,0.00247255184945,0.00289178032524,0.00371222707324,0.00446225854668,0.00514726160585,0.00577931410093,0.00639272537437,0.00761205898648,0.00976689865905,0.0123395348962,0.013840832304,0.015537540039,0.0173895850352,0.018710316133,0.0189440352887,0.0194115399098,0.0195966394823,0.0195965996231,0.0195965980493,0.0195965980386
2019-06-21,0.00220613737366,0.00220613737366,0.00224025035697,0.00227921246333,0.00245104163692,0.00269802651538,0.00301437957796,0.00335755651361,0.00373930078462,0.00449673368385,0.00520057733791,0.00584776850897,0.00644530410598,0.0070246833031,0.00817894587195,0.0102528915416,0.0127237058601,0.0141545329995,0.0157495712466,0.0174698967993,0.0186976056158,0.0189126180153,0.0193427005034,0.0195151689305,0.019515134253,0.0195151328839,0.0195151328745
2019-06-24,0.0019364681196,0.0019364681196,0.00197582697851,0.00202099280273,0.00221608857181,0.00249479186824,0.00285131716456,0.00323557692347,0.00365754308462,0.00447283263574,0.00521098423826,0.00587798432314,0.00648631162867,0.00707118940015,0.00822875155421,0.0103105322008,0.0127998692935,0.0142447802329,0.0158553197645,0.0175914661378,0.018830372466,0.0190527209917,0.0194974682328,0.0196775130632,0.0196774828938,0.0196774817026,0.0196774816945
2019-06-25,0.00209519457563,0.00209519457563,0.00213252751163,0.00217541958015,0.00235976249509,0.00262272945153,0.00295942644749,0.00332452505791,0.00372937774424,0.00452690186503,0.00526223040723,0.00593392000631,0.00655177452542,0.007149591002,0.00833777127842,0.0104895446748,0.0130710535205,0.01457069537,0.0162525775612,0.0181162618468,0.019488784786,0.0197531757338,0.0202820012943,0.0205258948964,0.020525868649,0.0205258676127,0.0205258676056
2019-06-26,0.00193400424673,0.00193400424673,0.00197441249973,0.0020213590783,0.00222281326828,0.00250926649203,0.00287231187789,0.00325960718533,0.00368268416908,0.00450015781737,0.00524185945552,0.00591236632694,0.0065250863369,0.00711516242689,0.00828178296172,0.0103768422736,0.0128705717477,0.0143131925958,0.0159295244965,0.0177170008466,0.0190153803648,0.0192727043211,0.0197873902223,0.0199931898048,0.0199931669696,0.019993166068,0.0199931660618
2019-06-27,0.00203216308537,0.00203216308537,0.00207101297423,0.0021161862396,0.00230908796973,0.00258308075684,0.00293086753869,0.00330331894393,0.0037115400128,0.00450385970404,0.00522616980871,0.00588252421773,0.00648556900796,0.00706920271331,0.00822956579304,0.0103224087879,0.012820566962,0.0142680669309,0.0158819559571,0.0176481753216,0.0189171547304,0.0191687922239,0.0196721002609,0.0198657507234,0.0198657308567,0.0198657300724,0.019865730067
2019-06-28,0.0019738197702,0.0019738197702,0.00200549674953,0.00204234606198,0.00220007189969,0.00242427193159,0.00270883334367,0.00301543933136,0.00335722532413,0.00404610274498,0.00470482153197,0.00532989607331,0.00592851233497,0.00652566686227,0.00774184700431,0.00994326179402,0.0125442606015,0.0140398673862,0.0156923157575,0.0174603524294,0.0186996677935,0.0189413072755,0.0194246149931,0.0195947736809,0.0195947563969,0.0195947557145,0.0195947557099
2019-07-01,0.00163535413542,0.00163535413542,0.00167159161891,0.00171378214552,0.00189275446824,0.00214646553674,0.002467765104,0.00281046910183,0.00318793020853,0.00393289751317,0.00462782606411,0.00527023798757,0.00587165753931,0.00646210753968,0.00764694872483,0.00976771792113,0.0122833596117,0.0137389165352,0.0153793272138,0.0171876113182,0.0184714795173,0.0187544886815,0.0193205320257,0.0195042052498,0.0195041902127,0.019504189619,0.0195041896149
2019-07-02,0.00171189540964,0.00171189540964,0.00175050297966,0.0017953708148,0.00198395668939,0.0022502954137,0.00258847035881,0.00294998423195,0.00334702437767,0.00412129945014,0.00483121454138,0.00547690661132,0.00607402076206,0.00665703312355,0.00782691044708,0.00993706563967,0.0124620918796,0.0139304523887,0.015587990548,0.0174236438057,0.0187369027632,0.0190308368048,0.0196187266516,0.019825611533,0.0198255984507,0.0198255979342,0.0198255979307
2019-07-03,0.00227372948551,0.00227372948551,0.00231577608986,0.0023664010043,0.00255426659533,0.00279418923779,0.00308623985054,0.00339271729776,0.00372775616502,0.00439479830853,0.00503083703273,0.00563189425103,0.00620623358777,0.00677813662794,0.00794109236899,0.010067225554,0.0126444121255,0.0141535212815,0.0158767116828,0.0178218658308,0.0192529233562,0.019612514499,0.0202254902296,0.0205186528831,0.0205186415015,0.0205186410521,0.0205186410491
2019-07-05,0.00223074735055,0.00223074735055,0.00227019854473,0.00231762075264,0.00249506372409,0.00272365018198,0.00300414378021,0.00330271718405,0.00363403258206,0.00430558852144,0.00495331231838,0.00556920799608,0.00616009732317,0.00674933068801,0.00794749177333,0.0101279170971,0.01273935805,0.0142552381637,0.0159500157825,0.0177939710294,0.019117684985,0.0194342852003,0.0199750859279,0.0202267530257,0.0202267431237,0.0202267427328,0.0202267427301
2019-07-08,0.00257622540891,0.00257622540891,0.00261316697045,0.00265756247767,0.00282523701829,0.0030431075238,0.00331112844299,0.00359629532128,0.00391241098404,0.00455190558039,0.00517189579954,0.0057685466161,0.00634693228733,0.00692632257728,0.00810596791781,0.010261974153,0.0128527504318,0.0143587701106,0.0160607382802,0.0179597056056,0.0193500799179,0.0196843544612,0.0202725158063,0.0205521887,0.0205521800853,0.0205521797451,0.0205521797428
2019-07-09,0.00260752053656,0.00260752053656,0.00264727018434,0.00269496832048,0.00287872238597,0.00312212455677,0.00342425364776,0.00374541445381,0.00409839691524,0.00479703600494,0.00545701526617,0.00608005690516,0.00667413206566,0.00726177043291,0.00844251921837,0.0106006429076,0.0131931488299,0.0146976730877,0.0163841560652,0.0182502374552,0.0196222657184,0.0199415310032,0.0205101242378,0.0207957157711,0.0207957082763,0.0207957079804,0.0207957079784
2019-07-10,0.00254449973131,0.00254449973131,0.00259376811982,0.00265364722994,0.00287007161122,0.00314153144666,0.00347020324935,0.00381440534324,0.00418869486514,0.00491846933875,0.00559763637876,0.00623173611151,0.00683010615189,0.00741680517937,0.00858370856559,0.0107013610664,0.0132357725535,0.014704251959,0.0163458162868,0.0181428352116,0.0194479323739,0.0197431067797,0.0202726101099,0.0205301667956,0.0205301602751,0.0205301600176,0.0205301600159
2019-07-11,0.00281942563952,0.00281942563952,0.00286115167669,0.00291274536803,0.0031040321347,0.00334887324207,0.00364554102064,0.00395246213978,0.00428145268566,0.00491306484058,0.00549981399048,0.00605729681235,0.00659946301405,0.00714617511737,0.00826930534513,0.0103572892882,0.0129019916658,0.0143922710656,0.0160826248229,0.0179806986603,0.0193782852309,0.0196933722841,0.0202706108216,0.0205569470777,0.0205569414048,0.0205569411809,0.0205569411793
2019-07-12,0.00298618108379,0.00298618108379,0.00302701295837,0.00307728298795,0.00326622533737,0.00351112648133,0.00380896978638,0.00411663453249,0.00444587297392,0.00507645998924,0.00565996505968,0.00621279750691,0.00675003502229,0.00729252853503,0.00841064232253,0.0104964702297,0.0130341702052,0.0145165829662,0.0161897908232,0.0180593638965,0.0194394660564,0.0197397399364,0.0202942337513,0.0205773841286,0.0205773791933,0.0205773789984,0.0205773789971
2019-07-15,0.00288702110429,0.00288702110429,0.00292850063003,0.00297957119282,0.00317609738582,0.00343492538916,0.00375054566684,0.00407663490474,0.00442500801362,0.0050908942696,0.00570726956613,0.00629025333993,0.00685259366757,0.00741546918818,0.0085612673259,0.0106814860728,0.0132575141557,0.0147627629144,0.0164605407276,0.0183612750141,0.0197802571659,0.0200788464313,0.0206359580301,0.0209456276096,0.0209456233158,0.0209456231463,0.0209456231452
2019-07-16,0.00293019029948,0.00293019029948,0.00298622687819,0.00305658918708,0.00329571447347,0.00357556640171,0.00390118149539,0.0042315441071,0.00458252650063,0.00525593816301,0.00588799467117,0.00649390505322,0.00708168702464,0.0076700499156,0.00886129148945,0.0110644590315,0.0137256048926,0.0152716768111,0.0170058894238,0.018944128939,0.0204208339755,0.0207161905431,0.0212720454472,0.0216246254202,0.0216246216846,0.0216246215371,0.0216246215361
2019-07-17,0.00273249073752,0.00273249073752,0.00279941448026,0.00288369895528,0.0031512526085,0.00344264770363,0.0037720470897,0.00410430819029,0.00445735294905,0.00513583686777,0.00577229882355,0.00637949608474,0.00696525450792,0.00754911416463,0.00873026629953,0.0109155902141,0.0135689779842,0.015118029904,0.0168542864568,0.0187737775839,0.0202081585959,0.0204872701198,0.0210151665066,0.0213307479521,0.0213307447021,0.0213307445738,0.0213307445729
2019-07-18,0.00219518299478,0.00219518299478,0.00229733225972,0.0024252799385,0.00279725828405,0.00316168570446,0.00354861838316,0.00392545846117,0.00431808637667,0.00506024649696,0.0057471529688,0.00639418479,0.00700773190161,0.00760802894497,0.00879131679542,0.0109374711349,0.0135166590886,0.0150158137448,0.0166990372343,0.0185834847866,0.0199969983832,0.0202810584446,0.0208227943725,0.0211270074375,0.0211270046101,0.0211270044984,0.0211270044977
2019-07-19,0.00150686552096,0.00150686552096,0.00161097503659,0.00174030176859,0.00211867989795,0.00249439089786,0.00289896757951,0.00329702683628,0.00371318574752,0.00449256960607,0.00520214280804,0.00586083770186,0.0064798177208,0.00708161392283,0.00825934058914,0.0103626432803,0.0128963002159,0.0143795951924,0.0160860440163,0.0180692927891,0.0195601655456,0.0198839151573,0.0205084601311,0.0208148723468,0.0208148698869,0.0208148697898,0.0208148697891
2019-07-22,0.00145721981303,0.00145721981303,0.00156903852919,0.00170523232415,0.00209411492706,0.00247173337696,0.00287246614512,0.00326492440272,0.00367498638337,0.00444501021942,0.00514954938683,0.00580639706207,0.00642664775743,0.00703283299408,0.00822680192417,0.0103621710977,0.0129157204683,0.0144018517565,0.0160902862199,0.0180173070186,0.0194475072484,0.0197526094097,0.0203428435353,0.0206209425251,0.020620940385,0.0206209403006,0.0206209403
2019-07-23,0.0011505431831,0.0011505431831,0.00126550532894,0.00140325145705,0.00179162548646,0.00216452266717,0.00255957006043,0.002949542517,0.00336230660625,0.00415317134588,0.00488318593218,0.00556168236667,0.00619537746753,0.0068066518612,0.00799008119316,0.0100657786401,0.0125380838864,0.0139798362815,0.0156394764957,0.0175573340282,0.0189674064947,0.019278168752,0.019882319195,0.0201342787388,0.0201342768769,0.0201342768034,0.0201342768029
2019-07-24,0.0012677367942,0.0012677367942,0.00139518924274,0.00154381331363,0.00195354889396,0.00233827025108,0.00273792434257,0.00312779661027,0.00353770762555,0.00431890505218,0.00503905075344,0.00570906075102,0.00633576362815,0.00694080095207,0.0081133785687,0.0101810664827,0.0126592819294,0.0141095345374,0.0157835084926,0.0177334732561,0.0191807050623,0.0195015962474,0.0201282631755,0.0204050173018,0.020405015682,0.0204050156181,0.0204050156176
2019-07-25,0.00168896721668,0.00168896721668,0.00179354379846,0.00191632542887,0.00225659459672,0.00257836960442,0.00291758969254,0.00325500244286,0.00361569217654,0.00431751674552,0.00497335970422,0.00558854582474,0.00617226138171,0.00674621306051,0.00788762076073,0.00992793685831,0.0123855878188,0.013826923833,0.0154992479165,0.0174468808347,0.018874062573,0.0191963314942,0.0198277189019,0.0200778467225,0.0200778453132,0.0200778452576,0.0200778452572
2019-07-26,0.00199330864637,0.00199330864637,0.00210008663562,0.00222266268367,0.00255792671463,0.00287019785752,0.00319676227885,0.00352035532834,0.00386594360526,0.00453875239469,0.00516838595891,0.00576053574416,0.0063246708089,0.00688175575593,0.00799571666832,0.00999469282777,0.0124040638411,0.0138166409274,0.0154567276641,0.017374223329,0.0187806729296,0.0191025666715,0.0197349132772,0.0199788492517,0.0199788480257,0.0199788479773,0.0199788479769
