TradeDate,1D,5D,2W,3W,1M,2M,3M,6M,1Y,2Y,3Y,4Y,5Y,6Y,7Y,8Y,9Y,10Y,11Y,12Y,13Y,14Y,15Y,16Y,17Y,18Y,19Y,20Y,21Y,22Y,23Y,24Y,25Y,26Y,27Y,28Y,29Y,30Y,31Y,32Y,33Y,34Y,35Y,36Y,37Y,38Y,39Y,40Y
2-Jan-19,0.02433255,0.02456559,0.02468439,0.02492864,0.02525431,0.02641056,0.02779493,0.02734539,0.02726649,0.0264381,0.02571338,0.02543236,0.025407,0.0255687,0.02580458,0.02608003,0.02637313,0.0266817,0.02694619,0.02721049,0.02737185,0.02753209,0.02769232,0.02775679,0.02782074,0.02788469,0.02794863,0.02801258,0.02801185,0.02801074,0.02800963,0.02800852,0.02800741,0.02799721,0.02798696,0.02797671,0.02796647,0.02795622,0.02790592,0.0278554,0.02780487,0.02775435,0.02770383,0.0276533,0.02760278,0.02755225,0.02750173,0.0274512
3-Jan-19,0.02483943,0.02483721,0.02471088,0.02493628,0.02523681,0.02632674,0.02748479,0.02697335,0.02648823,0.02518769,0.02430592,0.02402669,0.0240739,0.02431024,0.02462983,0.02499498,0.02536314,0.02571828,0.02602742,0.02633614,0.02652586,0.0267143,0.02690273,0.0269816,0.02705862,0.02713563,0.02721265,0.02728966,0.02730373,0.0273171,0.02733047,0.02734384,0.02735721,0.02735119,0.02734497,0.02733874,0.02733251,0.02732628,0.02727519,0.02722359,0.02717199,0.02712038,0.02706878,0.02701717,0.02696557,0.02691397,0.02686236,0.02681076
4-Jan-19,0.02564864,0.02536693,0.02489202,0.02510293,0.02538414,0.026396,0.02761512,0.02726552,0.02712511,0.02625422,0.02556739,0.02535701,0.02539937,0.02559902,0.02586587,0.02616718,0.02648524,0.02680104,0.02706883,0.02733627,0.02749673,0.02765603,0.02781532,0.02787541,0.02793413,0.02799285,0.02805158,0.0281103,0.02811154,0.02811183,0.02811212,0.02811241,0.02811271,0.0280967,0.02808052,0.02806434,0.02804816,0.02803198,0.02798124,0.02793013,0.02787902,0.02782791,0.0277768,0.02772569,0.02767458,0.02762346,0.02757235,0.02752124
7-Jan-19,0.02402839,0.02443232,0.02458753,0.02485138,0.02520318,0.02648105,0.02765369,0.02720424,0.02719389,0.02653836,0.02597032,0.02576278,0.025801,0.02597532,0.02621089,0.02648936,0.02679483,0.02708799,0.02733647,0.02758479,0.02773386,0.02788236,0.02803087,0.02808088,0.02813032,0.02817976,0.02822921,0.02827865,0.02827207,0.02826504,0.02825801,0.02825097,0.02824394,0.02822308,0.02820206,0.02818104,0.02816002,0.028139,0.02808857,0.02803781,0.02798704,0.02793627,0.0278855,0.02783474,0.02778397,0.0277332,0.02768243,0.02763167
8-Jan-19,0.02483943,0.02471552,0.02470378,0.02496208,0.02530647,0.02665598,0.027603,0.0272524,0.0274148,0.02694814,0.02644338,0.02623962,0.0262556,0.02639778,0.02659952,0.02684809,0.02712093,0.02739154,0.02762368,0.02785568,0.02798983,0.02812343,0.02825703,0.02830289,0.02834826,0.02839363,0.02843901,0.02848438,0.02847155,0.0284584,0.02844525,0.02843209,0.02841894,0.02839442,0.02836981,0.02834519,0.02832058,0.02829597,0.02824588,0.02819559,0.0281453,0.02809501,0.02804472,0.02799443,0.02794414,0.02789385,0.02784355,0.02779326
9-Jan-19,0.02443394,0.02459814,0.02471274,0.02498853,0.02535624,0.02676207,0.02769188,0.0272457,0.02734921,0.02683818,0.02626761,0.02605527,0.02610365,0.02625574,0.0264812,0.02675167,0.02704548,0.02732696,0.0275751,0.02782313,0.02796555,0.02810681,0.02824806,0.02829844,0.02834832,0.02839821,0.02844809,0.02849798,0.02848998,0.02848168,0.02847338,0.02846508,0.02845678,0.02843445,0.02841204,0.02838962,0.02836721,0.0283448,0.02829387,0.02824279,0.0281917,0.02814061,0.02808952,0.02803844,0.02798735,0.02793626,0.02788517,0.02783409
10-Jan-19,0.02483943,0.02483599,0.02463574,0.02489088,0.02523107,0.02661143,0.02744809,0.0272097,0.02736107,0.02685855,0.02633364,0.02613789,0.02618561,0.02635077,0.02657583,0.02684568,0.02713976,0.02743091,0.0276868,0.02794231,0.02809577,0.02824807,0.02840037,0.02845944,0.0285167,0.02857395,0.02863121,0.02868846,0.02868434,0.02867952,0.0286747,0.02866988,0.02866506,0.02864521,0.02862519,0.02860517,0.02858515,0.02856513,0.02851539,0.02846531,0.02841523,0.02836515,0.02831507,0.02826499,0.02821491,0.02816483,0.02811475,0.02806467
11-Jan-19,0.0252939,0.0253191,0.02484619,0.02503553,0.02528798,0.0266012,0.02740602,0.02714823,0.02726878,0.02666584,0.02603604,0.02581625,0.02585424,0.0259979,0.02621226,0.02647145,0.02675163,0.02705747,0.02732428,0.02759065,0.02775197,0.02791213,0.02807229,0.02813688,0.0281999,0.02826291,0.02832593,0.02838895,0.0283892,0.02838823,0.02838726,0.02838628,0.02838531,0.02836946,0.02835344,0.02833742,0.0283214,0.02830538,0.02825492,0.02820407,0.02815321,0.02810236,0.02805151,0.02800066,0.02794981,0.02789895,0.0278481,0.02779725
14-Jan-19,0.02529565,0.02482485,0.02464297,0.02488558,0.02520905,0.0265255,0.02731316,0.02699869,0.02716799,0.02663249,0.02604066,0.02583556,0.02588633,0.02606225,0.0262776,0.02655061,0.02684041,0.02714634,0.02741823,0.02768998,0.02785865,0.02802673,0.02819481,0.02825717,0.02831863,0.02838009,0.02844156,0.02850302,0.02850787,0.02851211,0.02851634,0.02852058,0.02852481,0.02851003,0.02849499,0.02847994,0.0284649,0.02844985,0.0283992,0.02834806,0.02829692,0.02824578,0.02819464,0.0281435,0.02809236,0.02804122,0.02799008,0.02793894
15-Jan-19,0.02534635,0.02486078,0.02468743,0.02491888,0.02522748,0.02659619,0.02729046,0.02695621,0.02714781,0.02669399,0.02615775,0.02594252,0.02598224,0.02616837,0.0264127,0.02670519,0.02701659,0.0273269,0.02759847,0.0278699,0.02803253,0.02819456,0.0283566,0.02841855,0.02847993,0.02854132,0.02860271,0.0286641,0.02866465,0.02866469,0.02866473,0.02866477,0.02866481,0.02865006,0.02863516,0.02862025,0.02860534,0.02859044,0.02853869,0.02848653,0.02843437,0.02838221,0.02833005,0.02827789,0.02822573,0.02817357,0.02812141,0.02806925
16-Jan-19,0.02534635,0.02488291,0.02473376,0.02497914,0.0253063,0.02667022,0.02731368,0.02699605,0.02718546,0.02676592,0.02623721,0.02605453,0.02610496,0.02629963,0.02654732,0.02683986,0.02714593,0.0274499,0.02770895,0.02796785,0.02812621,0.02828321,0.02844021,0.02849747,0.02855416,0.02861086,0.02866756,0.02872425,0.02872092,0.02871725,0.02871358,0.02870991,0.02870624,0.02868751,0.02866866,0.0286498,0.02863095,0.0286121,0.0285608,0.02850923,0.02845767,0.0284061,0.02835454,0.02830297,0.02825141,0.02819985,0.02814828,0.02809672
17-Jan-19,0.02483943,0.02487753,0.02465397,0.02485567,0.0251246,0.02632389,0.02677171,0.02692801,0.02723681,0.02695181,0.02648441,0.02630327,0.02635253,0.02653663,0.02677013,0.02704754,0.02733593,0.02763789,0.02788842,0.02813842,0.02828742,0.02843501,0.0285826,0.02863802,0.0286919,0.02874578,0.02879966,0.02885355,0.02884639,0.02883804,0.0288297,0.02882135,0.02881301,0.02879216,0.02877113,0.02875011,0.02872908,0.02870806,0.02865642,0.02860434,0.02855226,0.02850018,0.02844811,0.02839603,0.02834395,0.02829188,0.0282398,0.02818772
18-Jan-19,0.02463417,0.02467404,0.02456775,0.02477812,0.02505862,0.0261539,0.02663609,0.02692481,0.02740688,0.02732472,0.02693512,0.02676998,0.02681357,0.0269926,0.02720999,0.02746955,0.02775561,0.02804046,0.02828572,0.02853064,0.02868217,0.0288324,0.02898263,0.02903422,0.02908446,0.02913471,0.02918495,0.02923519,0.02923061,0.0292251,0.02921958,0.02921407,0.02920855,0.02918621,0.02916355,0.02914088,0.02911821,0.02909555,0.02904554,0.02899499,0.02894443,0.02889388,0.02884333,0.02879277,0.02874222,0.02869167,0.02864111,0.02859056
22-Jan-19,0.0257982,0.0250397,0.02479991,0.02504715,0.02537679,0.02652077,0.02684503,0.02700438,0.02729947,0.02696918,0.0264998,0.02630645,0.02635757,0.02652709,0.0267543,0.02701698,0.02730319,0.02758687,0.02783746,0.02808793,0.02824038,0.0283923,0.02854421,0.02859873,0.02865269,0.02870664,0.0287606,0.02881455,0.02880921,0.02880356,0.02879791,0.02879226,0.02878661,0.02876558,0.02874441,0.02872325,0.02870209,0.02868093,0.0286325,0.02858384,0.02853518,0.02848652,0.02843786,0.02838921,0.02834055,0.02829189,0.02824323,0.02819457
23-Jan-19,0.02483943,0.02473694,0.02473236,0.02497534,0.0252993,0.02639991,0.02672,0.02696409,0.0273192,0.02702177,0.02653563,0.02633801,0.02638454,0.02656358,0.02680401,0.027067,0.02735225,0.02764719,0.02790266,0.02815797,0.02831136,0.02846358,0.02861581,0.02866896,0.02872158,0.02877421,0.02882683,0.02887946,0.02887678,0.02887381,0.02887083,0.02886786,0.02886489,0.0288422,0.0288194,0.02879661,0.02877382,0.02875102,0.02870477,0.02865838,0.028612,0.02856562,0.02851924,0.02847285,0.02842647,0.02838009,0.02833371,0.02828733
24-Jan-19,0.02433255,0.02468511,0.02462161,0.02483781,0.02512608,0.02619622,0.02656767,0.02685808,0.0271862,0.0267886,0.02623889,0.02601134,0.02604674,0.02622763,0.02646762,0.02674049,0.02702575,0.02733072,0.02758764,0.02784405,0.02800249,0.02815985,0.02831721,0.02837766,0.02843651,0.02849535,0.02855419,0.02861304,0.0286092,0.02860465,0.0286001,0.02859555,0.02859101,0.02857281,0.02855446,0.02853611,0.02851776,0.02849941,0.02845372,0.02840773,0.02836174,0.02831575,0.02826975,0.02822376,0.02817777,0.02813177,0.02808578,0.02803979
25-Jan-19,0.02463505,0.02466747,0.02458053,0.02481497,0.02512755,0.02638574,0.0267291,0.02688295,0.0272734,0.02703295,0.02653363,0.02633344,0.0263862,0.02656409,0.02679132,0.02706281,0.02734532,0.02764137,0.02789729,0.02815289,0.02830336,0.02845266,0.02860196,0.02865945,0.02871567,0.0287719,0.02882813,0.02888436,0.02887948,0.02887358,0.02886769,0.0288618,0.0288559,0.02883619,0.02881633,0.02879648,0.02877662,0.02875676,0.02870975,0.02866245,0.02861515,0.02856785,0.02852055,0.02847325,0.02842595,0.02837865,0.02833135,0.02828404
28-Jan-19,0.02504221,0.02475839,0.02469952,0.02495317,0.02529137,0.02655151,0.02678631,0.02687789,0.02720765,0.02695584,0.02647597,0.02627166,0.02633024,0.02650304,0.02671965,0.02698683,0.02726937,0.02756442,0.02782589,0.02808722,0.02824707,0.02840635,0.02856563,0.02862572,0.02868528,0.02874485,0.02880441,0.02886398,0.02885966,0.0288548,0.02884993,0.02884507,0.02884021,0.02882449,0.02880875,0.02879301,0.02877727,0.02876153,0.0287136,0.02866558,0.02861757,0.02856955,0.02852153,0.02847352,0.0284255,0.02837749,0.02832947,0.02828146
29-Jan-19,0.02483943,0.02473533,0.02472804,0.02497051,0.02529545,0.02643066,0.02667723,0.02681066,0.02711077,0.02671032,0.02616276,0.0259506,0.02599457,0.02617309,0.02639101,0.02666391,0.02695745,0.02725143,0.02751267,0.02777379,0.02793549,0.02809661,0.02825774,0.02831791,0.02837752,0.02843712,0.02849673,0.02855634,0.02855593,0.02855521,0.02855449,0.02855377,0.02855305,0.02853567,0.02851829,0.02850092,0.02848354,0.02846615,0.0284197,0.02837325,0.0283268,0.02828034,0.02823389,0.02818744,0.02814099,0.02809454,0.02804809,0.02800164
30-Jan-19,0.02433255,0.02470417,0.02474779,0.02502443,0.02538753,0.02621021,0.02645563,0.0266564,0.02684478,0.02626064,0.02568986,0.02550656,0.02560421,0.02582402,0.02608469,0.02638973,0.02670675,0.02702222,0.02730477,0.02758719,0.02775688,0.02792533,0.02809377,0.02816322,0.02823211,0.02830101,0.0283699,0.02843879,0.02844023,0.02844132,0.02844241,0.0284435,0.02844458,0.02842955,0.02841442,0.0283993,0.02838418,0.02836905,0.0283209,0.02827255,0.02822421,0.02817586,0.02812752,0.02807918,0.02803083,0.02798249,0.02793414,0.0278858
31-Jan-19,0.02483943,0.02479888,0.02468856,0.0249609,0.02532401,0.0261324,0.02637339,0.02649392,0.02647155,0.02575023,0.02516127,0.02494776,0.02502363,0.02523489,0.02550032,0.02579877,0.02612654,0.02645187,0.02674697,0.0270418,0.02722601,0.02740901,0.02759202,0.02766734,0.02774085,0.02781437,0.02788788,0.0279614,0.02797096,0.02797983,0.0279887,0.02799756,0.02800643,0.02799543,0.02798421,0.02797299,0.02796177,0.02795055,0.02790572,0.02786052,0.02781532,0.02777012,0.02772493,0.02767973,0.02763453,0.02758933,0.02754413,0.02749893
1-Feb-19,0.02524319,0.02507922,0.02478712,0.02503533,0.02536627,0.02617892,0.02643628,0.02658331,0.02669722,0.02623849,0.02580308,0.0256467,0.0257369,0.02593599,0.02617383,0.02645581,0.02675427,0.02706076,0.02733309,0.02760516,0.02776867,0.02793101,0.02809335,0.02816267,0.02823069,0.0282987,0.02836672,0.02843474,0.0284346,0.02843333,0.02843207,0.0284308,0.02842954,0.02841499,0.02840029,0.0283856,0.0283709,0.0283562,0.02831023,0.02826391,0.0282176,0.02817128,0.02812496,0.02807864,0.02803232,0.027986,0.02793968,0.02789337
4-Feb-19,0.02534635,0.02488551,0.02477197,0.0250622,0.02544323,0.02623811,0.02649246,0.0266453,0.0268302,0.02647371,0.02604995,0.02590513,0.02599095,0.02621156,0.0264496,0.02675157,0.02705321,0.027353,0.02761959,0.02788606,0.02804734,0.02820804,0.02836875,0.02843479,0.02850029,0.0285658,0.0286313,0.02869681,0.02869338,0.02868936,0.02868534,0.02868131,0.02867729,0.02865995,0.02864246,0.02862496,0.02860747,0.02858998,0.02854566,0.02850106,0.02845646,0.02841185,0.02836725,0.02832265,0.02827805,0.02823344,0.02818884,0.02814424
5-Feb-19,0.02433255,0.02453479,0.02469197,0.02499989,0.02540008,0.02608191,0.026364,0.02663099,0.02681607,0.02635258,0.0258757,0.02570455,0.02578246,0.02598362,0.02623199,0.02651596,0.02681265,0.02711787,0.02739051,0.02766303,0.02782839,0.02799318,0.02815797,0.02822291,0.02828728,0.02835166,0.02841604,0.02848041,0.02847831,0.02847586,0.02847341,0.02847097,0.02846852,0.0284541,0.02843958,0.02842506,0.02841054,0.02839602,0.02835005,0.02830382,0.02825758,0.02821135,0.02816511,0.02811887,0.02807264,0.0280264,0.02798017,0.02793393
6-Feb-19,0.02412972,0.0244739,0.02468439,0.02499416,0.02539599,0.02602795,0.02633431,0.02666291,0.02683743,0.02628331,0.02575848,0.02557286,0.025641,0.02585155,0.02610788,0.02640825,0.02672586,0.02704199,0.02731921,0.02759627,0.02776633,0.02793521,0.02810409,0.02817251,0.02824036,0.02830822,0.02837608,0.02844394,0.02844555,0.02844682,0.02844808,0.02844935,0.02845061,0.02843578,0.02842087,0.02840597,0.02839106,0.02837615,0.02833045,0.02828457,0.0282387,0.02819283,0.02814695,0.02810108,0.02805521,0.02800934,0.02796346,0.02791759
7-Feb-19,0.02453523,0.0247684,0.02463622,0.02493856,0.02534168,0.02602299,0.02625551,0.02647573,0.0266175,0.02598409,0.0254539,0.02525987,0.02531116,0.02551995,0.02576235,0.02605978,0.0263649,0.02667859,0.02695922,0.02723952,0.02741211,0.02758348,0.02775486,0.02782537,0.0278942,0.02796303,0.02803186,0.02810069,0.02810258,0.02810375,0.02810492,0.02810608,0.02810725,0.0280939,0.02808039,0.02806687,0.02805336,0.02803984,0.02799495,0.02794969,0.02790444,0.02785918,0.02781393,0.02776868,0.02772342,0.02767817,0.02763291,0.02758766
8-Feb-19,0.02483777,0.02480936,0.0246743,0.02491805,0.02524306,0.02584235,0.02610482,0.02634049,0.02646641,0.02579789,0.02525427,0.02505684,0.02512106,0.02532532,0.02556318,0.02586129,0.02616491,0.02648183,0.02675929,0.02703643,0.02721133,0.02738508,0.02755883,0.02762897,0.0276977,0.02776642,0.02783514,0.02790387,0.02790631,0.02790763,0.02790896,0.02791028,0.02791161,0.02789698,0.02788218,0.02786738,0.02785257,0.02783777,0.02779511,0.02775214,0.02770917,0.02766621,0.02762324,0.02758028,0.02753731,0.02749434,0.02745138,0.02740841
11-Feb-19,0.02463671,0.02464617,0.02467705,0.0249368,0.02527366,0.02580071,0.02610084,0.02640004,0.02654482,0.02592193,0.02542073,0.02525982,0.02532956,0.02552838,0.02577702,0.02607211,0.02638504,0.02669545,0.02697851,0.02726147,0.02743978,0.0276175,0.02779522,0.02786433,0.02793284,0.02800136,0.02806987,0.02813839,0.0281453,0.02815169,0.02815808,0.02816447,0.02817086,0.02815585,0.02814055,0.02812525,0.02810995,0.02809464,0.02805101,0.02800698,0.02796295,0.02791891,0.02787488,0.02783084,0.02778681,0.02774278,0.02769874,0.02765471
12-Feb-19,0.02483943,0.02473343,0.02474061,0.02495676,0.02523988,0.02582574,0.02613377,0.02643715,0.02662435,0.02607105,0.02557755,0.02541728,0.02549239,0.02571238,0.02596903,0.02626233,0.02658633,0.02689588,0.02717604,0.02745612,0.02762659,0.02779646,0.02796632,0.02803563,0.02810439,0.02817315,0.0282419,0.02831066,0.02831072,0.02831041,0.0283101,0.02830979,0.02830948,0.02829614,0.02828265,0.02826915,0.02825566,0.02824217,0.02819767,0.02815282,0.02810797,0.02806312,0.02801827,0.02797341,0.02792856,0.02788371,0.02783886,0.02779401
13-Feb-19,0.02483943,0.02475083,0.02473451,0.02493262,0.02519452,0.02587576,0.02615714,0.02645821,0.0267495,0.0263804,0.02593495,0.02577196,0.02582459,0.02602578,0.02626909,0.02656233,0.02686873,0.02718405,0.02744886,0.02771347,0.02788375,0.02805272,0.02822168,0.02828737,0.02835251,0.02841765,0.02848279,0.02854793,0.02854955,0.02855081,0.02855207,0.02855334,0.0285546,0.02853688,0.02851899,0.02850111,0.02848322,0.02846534,0.0284207,0.02837584,0.02833098,0.02828612,0.02824126,0.02819641,0.02815155,0.02810669,0.02806183,0.02801697
14-Feb-19,0.02412972,0.0247333,0.02463401,0.0247974,0.02501526,0.02565707,0.02602981,0.02639263,0.0265914,0.02604404,0.02551228,0.02532904,0.02537165,0.02557595,0.02582991,0.02612795,0.02644161,0.02675893,0.0270427,0.0273261,0.02750308,0.02767858,0.02785407,0.02792848,0.0280009,0.02807331,0.02814573,0.02821815,0.02822339,0.02822711,0.02823083,0.02823455,0.02823827,0.02822764,0.02821681,0.02820598,0.02819514,0.02818431,0.02814113,0.02809751,0.02805389,0.02801027,0.02796665,0.02792303,0.02787941,0.02783578,0.02779216,0.02774854
15-Feb-19,0.02433011,0.02443227,0.02451546,0.02470185,0.02495038,0.02557521,0.02599202,0.02638588,0.02661492,0.02618424,0.02571157,0.02551752,0.02554924,0.02572113,0.02594289,0.02620665,0.02650149,0.02680231,0.02707466,0.02734675,0.02751659,0.02768499,0.02785338,0.02792549,0.02799597,0.02806645,0.02813693,0.02820741,0.02821145,0.0282142,0.02821694,0.02821968,0.02822242,0.02820789,0.02819301,0.02817814,0.02816326,0.02814839,0.02810523,0.0280615,0.02801777,0.02797404,0.02793031,0.02788658,0.02784285,0.02779912,0.02775539,0.02771166
19-Feb-19,0.02478871,0.02470119,0.02466169,0.02486167,0.02512306,0.02563319,0.02591615,0.02619347,0.02637608,0.02586415,0.02536662,0.02515334,0.02518323,0.02536935,0.02560415,0.02589651,0.02620122,0.02651656,0.02679895,0.02708121,0.02725724,0.02743265,0.02760806,0.02768326,0.0277579,0.02783253,0.02790717,0.02798181,0.02798849,0.02799462,0.02800074,0.02800687,0.028013,0.0280006,0.02798806,0.02797552,0.02796298,0.02795043,0.02790661,0.02786252,0.02781843,0.02777434,0.02773024,0.02768615,0.02764206,0.02759797,0.02755387,0.02750978
20-Feb-19,0.02483943,0.02472894,0.02470149,0.02487791,0.0251091,0.0255883,0.02586501,0.02611762,0.02627029,0.02579412,0.02530894,0.02513768,0.02519677,0.025394,0.02563768,0.02593643,0.0262474,0.02656776,0.02685542,0.02714296,0.02732993,0.0275158,0.02770166,0.02778048,0.02785869,0.0279369,0.02801511,0.02809331,0.02810228,0.02811085,0.02811943,0.02812801,0.02813658,0.02812815,0.02811964,0.02811112,0.0281026,0.02809409,0.02805024,0.0280062,0.02796216,0.02791813,0.02787409,0.02783005,0.02778601,0.02774198,0.02769794,0.0276539
21-Feb-19,0.02433255,0.0247188,0.02462332,0.02482239,0.02508781,0.02559848,0.02587616,0.02614407,0.02635901,0.02594543,0.02550306,0.02535263,0.02542341,0.02563075,0.02588831,0.02618493,0.02651134,0.02683035,0.02713041,0.02743034,0.02762202,0.02781249,0.02800297,0.02808519,0.02816563,0.02824607,0.02832651,0.02840696,0.02841854,0.02842935,0.02844015,0.02845096,0.02846177,0.02845439,0.02844681,0.02843923,0.02843165,0.02842407,0.02837919,0.02833389,0.0282886,0.0282433,0.028198,0.02815271,0.02810741,0.02806212,0.02801682,0.02797152
22-Feb-19,0.02433089,0.02446717,0.02452793,0.024723,0.0249831,0.02552191,0.02584136,0.02612136,0.02625214,0.02568605,0.02518817,0.02502106,0.02508178,0.02530949,0.02557224,0.0258902,0.02621435,0.02654689,0.02685163,0.02715615,0.02734373,0.02753,0.02771628,0.02779916,0.0278806,0.02796204,0.02804347,0.02812491,0.02813681,0.02814758,0.02815834,0.0281691,0.02817987,0.02817111,0.02816212,0.02815314,0.02814415,0.02813517,0.02809031,0.02804504,0.02799977,0.0279545,0.02790923,0.02786396,0.02781869,0.02777342,0.02772815,0.02768289
25-Feb-19,0.02433255,0.02454845,0.02459974,0.02478226,0.02502143,0.02554297,0.02588023,0.02616338,0.02630783,0.02573023,0.02522674,0.02506499,0.0251363,0.02537461,0.02565323,0.02598842,0.02632314,0.02665983,0.02696427,0.02726858,0.02746138,0.02765355,0.02784572,0.02793108,0.02801585,0.02810063,0.02818541,0.02827018,0.0282817,0.02829261,0.02830352,0.02831443,0.02832533,0.02831557,0.02830565,0.02829572,0.0282858,0.02827587,0.02823164,0.02818731,0.02814299,0.02809867,0.02805434,0.02801002,0.02796569,0.02792137,0.02787704,0.02783272
26-Feb-19,0.02453523,0.02463154,0.02465975,0.02484826,0.0250996,0.02557827,0.02586602,0.02608058,0.02615297,0.02544159,0.02490085,0.02474329,0.02484821,0.0250614,0.0253402,0.025664,0.02601789,0.02635556,0.02665375,0.02695177,0.02714225,0.02733216,0.02752206,0.0276074,0.02769214,0.02777688,0.02786162,0.02794636,0.0279564,0.02796602,0.02797565,0.02798528,0.0279949,0.02798673,0.02797846,0.02797018,0.02796191,0.02795363,0.02791036,0.02786708,0.02782379,0.02778051,0.02773723,0.02769395,0.02765067,0.02760739,0.02756411,0.02752083
27-Feb-19,0.02443394,0.024578,0.02461988,0.02478117,0.02499622,0.0255199,0.02585162,0.0260992,0.02629091,0.02561794,0.02514733,0.02502468,0.02514904,0.0254023,0.02572322,0.026079,0.02645536,0.02681584,0.02712966,0.02744327,0.02764608,0.02784768,0.02804928,0.02813632,0.02822273,0.02830913,0.02839554,0.02848194,0.0284939,0.02850547,0.02851703,0.0285286,0.02854016,0.02853419,0.02852813,0.02852206,0.028516,0.02850994,0.02846619,0.02842223,0.02837828,0.02833432,0.02829036,0.02824641,0.02820245,0.0281585,0.02811454,0.02807058
28-Feb-19,0.02483943,0.02479782,0.02462333,0.02476217,0.02494729,0.02546059,0.0258238,0.02612556,0.02638169,0.02586696,0.02546149,0.02535501,0.02549718,0.02578737,0.02611149,0.02647589,0.02686006,0.027222,0.02753153,0.02784048,0.02803844,0.02823515,0.02843185,0.02851899,0.02860431,0.02868962,0.02877494,0.02886026,0.02887119,0.02888132,0.02889144,0.02890156,0.02891169,0.02890282,0.02889375,0.02888467,0.0288756,0.02886653,0.02882037,0.02877381,0.02872724,0.02868067,0.0286341,0.02858754,0.02854097,0.0284944,0.02844784,0.02840127
1-Mar-19,0.02433089,0.02445371,0.0244858,0.02462535,0.0248114,0.02534965,0.02573667,0.02609231,0.02650437,0.02620322,0.02586636,0.0257676,0.02590842,0.02619257,0.0265215,0.0268858,0.02726029,0.02763311,0.02794806,0.02826244,0.02846058,0.02865745,0.02885433,0.0289409,0.02902596,0.02911101,0.02919607,0.02928112,0.029295,0.02930767,0.02932033,0.02933299,0.02934566,0.02933663,0.02932724,0.02931785,0.02930846,0.02929906,0.02925462,0.0292098,0.02916497,0.02912015,0.02907532,0.0290305,0.02898567,0.02894085,0.02889602,0.0288512
4-Mar-19,0.02453523,0.02458598,0.0245487,0.02468655,0.02487034,0.02547227,0.02589306,0.02621267,0.02650319,0.02604647,0.02560948,0.02545015,0.02554043,0.02580424,0.02612319,0.02647506,0.02684218,0.02720269,0.02752309,0.02784329,0.028045,0.02824602,0.02844705,0.02853643,0.02862518,0.02871393,0.02880267,0.02889142,0.0289047,0.02891733,0.02892996,0.02894259,0.02895521,0.02894891,0.02894244,0.02893597,0.02892951,0.02892304,0.02887843,0.0288334,0.02878838,0.02874335,0.02869832,0.0286533,0.02860827,0.02856324,0.02851822,0.02847319
5-Mar-19,0.02433255,0.02457466,0.02462086,0.02474887,0.02491955,0.02552832,0.02596148,0.02628686,0.02662557,0.02622794,0.02578376,0.02560288,0.02566116,0.02590359,0.02618841,0.0265218,0.02686632,0.02720454,0.02751405,0.02782339,0.02801774,0.02821141,0.02840509,0.02849261,0.02857951,0.02866641,0.02875332,0.02884022,0.02885096,0.0288613,0.02887164,0.02888197,0.02889231,0.02888345,0.02887447,0.0288655,0.02885653,0.02884756,0.02880434,0.02876083,0.02871732,0.02867381,0.0286303,0.02858679,0.02854328,0.02849977,0.02845626,0.02841275
6-Mar-19,0.02433255,0.02454077,0.02459078,0.02473988,0.02493868,0.02553121,0.02592298,0.02621915,0.02652168,0.02602175,0.02552911,0.02534124,0.02538798,0.02561735,0.02590454,0.02623749,0.02659119,0.02694031,0.02725405,0.02756761,0.02777046,0.02797207,0.02817368,0.0282658,0.02835728,0.02844877,0.02854025,0.02863174,0.02864754,0.02866292,0.02867829,0.02869366,0.02870903,0.02870269,0.02869621,0.02868974,0.02868327,0.0286768,0.02863273,0.02858847,0.0285442,0.02849993,0.02845567,0.0284114,0.02836714,0.02832287,0.02827861,0.02823434
7-Mar-19,0.02433255,0.02475444,0.02461361,0.0247352,0.02489732,0.02550841,0.02595715,0.02622188,0.02639356,0.02572184,0.02516832,0.02495428,0.02498894,0.02521955,0.02550566,0.02583708,0.02618777,0.02654901,0.02686995,0.02719034,0.02739588,0.02760017,0.02780447,0.02790024,0.02799418,0.02808812,0.02818206,0.028276,0.02829482,0.02831282,0.02833083,0.02834883,0.02836683,0.02836337,0.02835968,0.02835598,0.02835229,0.0283486,0.02830425,0.02825947,0.02821469,0.02816991,0.02812512,0.02808034,0.02803556,0.02799077,0.02794599,0.02790121
8-Mar-19,0.02478705,0.0247714,0.024579,0.0246949,0.02484942,0.02547251,0.02592934,0.0261821,0.02633732,0.02561528,0.02503237,0.02479573,0.02483031,0.02505586,0.02533109,0.02566254,0.0260144,0.02636443,0.02668458,0.02700441,0.02721012,0.02741458,0.02761903,0.02771184,0.02780308,0.02789431,0.02798554,0.02807678,0.02809487,0.02811173,0.02812859,0.02814545,0.02816231,0.02815778,0.02815289,0.02814801,0.02814312,0.02813824,0.02809497,0.02805126,0.02800756,0.02796386,0.02792016,0.02787646,0.02783276,0.02778905,0.02774535,0.02770165
11-Mar-19,0.02514354,0.02479961,0.02460732,0.02474076,0.02491868,0.02561748,0.02609343,0.02630997,0.02647545,0.02580967,0.02521762,0.02496754,0.02498856,0.02519906,0.02547502,0.02580496,0.02617189,0.02652086,0.02683822,0.02715545,0.02736488,0.02757373,0.02778257,0.02787814,0.02797307,0.028068,0.02816293,0.02825786,0.02827643,0.02829438,0.02831232,0.02833026,0.02834821,0.02834466,0.02834093,0.0283372,0.02833347,0.02832974,0.02828603,0.02824188,0.02819774,0.02815359,0.02810944,0.0280653,0.02802115,0.027977,0.02793286,0.02788871
12-Mar-19,0.02443394,0.02461026,0.0246487,0.02479674,0.02499412,0.02566166,0.02608781,0.0262255,0.02630794,0.02551406,0.02486123,0.02457879,0.02456712,0.02477149,0.02505009,0.02538243,0.02573641,0.02609607,0.02641563,0.02673498,0.02694401,0.02715242,0.02736083,0.02745994,0.02755847,0.027657,0.02775553,0.02785406,0.02787498,0.02789544,0.0279159,0.02793636,0.02795682,0.02795311,0.02794926,0.02794541,0.02794156,0.02793771,0.02789569,0.02785334,0.027811,0.02776866,0.02772632,0.02768398,0.02764164,0.0275993,0.02755695,0.02751461
13-Mar-19,0.02483943,0.02475444,0.02471622,0.02487623,0.02508959,0.02576936,0.02618033,0.02630106,0.02637085,0.02561818,0.02500535,0.02475971,0.02477453,0.02497748,0.02524305,0.02556477,0.02591831,0.02626124,0.02658036,0.02689935,0.0271097,0.02731884,0.02752798,0.02762731,0.02772601,0.02782471,0.02792341,0.02802212,0.02804172,0.02806087,0.02808003,0.02809918,0.02811834,0.02811616,0.02811387,0.02811157,0.02810928,0.02810698,0.02806525,0.02802328,0.02798132,0.02793936,0.0278974,0.02785544,0.02781348,0.02777152,0.02772956,0.0276876
14-Mar-19,0.02524495,0.02494626,0.02483483,0.0249958,0.02521044,0.02584455,0.02624883,0.02632836,0.02635844,0.02556366,0.02495788,0.0247303,0.02477353,0.0249926,0.02528268,0.02562441,0.02597962,0.02635141,0.02667738,0.02700274,0.02722155,0.02743917,0.0276568,0.02776196,0.02786523,0.0279685,0.02807177,0.02817504,0.02819596,0.02821595,0.02823594,0.02825593,0.02827592,0.02827773,0.02827935,0.02828096,0.02828257,0.02828419,0.02824056,0.02819642,0.02815229,0.02810815,0.02806402,0.02801988,0.02797574,0.02793161,0.02788747,0.02784333
15-Mar-19,0.02483777,0.02485203,0.02493696,0.02511817,0.02535978,0.02599963,0.02637099,0.02637624,0.0263441,0.02540273,0.02471738,0.02444675,0.02445386,0.02465725,0.02494255,0.02527325,0.02562996,0.02598489,0.02631291,0.02664064,0.02685761,0.02707334,0.02728907,0.02739258,0.02749452,0.02759645,0.02769839,0.02780032,0.02782455,0.02784746,0.02787037,0.02789329,0.0279162,0.02791534,0.02791407,0.02791281,0.02791154,0.02791027,0.02786835,0.02782597,0.02778359,0.02774121,0.02769883,0.02765645,0.02761407,0.02757169,0.02752931,0.02748693
18-Mar-19,0.02534635,0.02508624,0.02516766,0.02534325,0.02557737,0.02617738,0.02649312,0.02645828,0.02641124,0.02548643,0.02481714,0.02454895,0.02457358,0.02478831,0.02506867,0.02539785,0.02575279,0.02611215,0.0264317,0.02675104,0.02696392,0.02717621,0.02738849,0.02748994,0.02759078,0.02769162,0.02779246,0.0278933,0.02791559,0.02793723,0.02795888,0.02798052,0.02800217,0.02800123,0.0280001,0.02799898,0.02799785,0.02799672,0.02795517,0.02791317,0.02787117,0.02782917,0.02778716,0.02774516,0.02770316,0.02766116,0.02761916,0.02757716
19-Mar-19,0.02407906,0.0244739,0.02459881,0.02479038,0.0250458,0.02578434,0.02631153,0.02633715,0.02636739,0.02553378,0.02488399,0.02461609,0.02462985,0.02482855,0.0251016,0.02542301,0.02577692,0.02612518,0.02643347,0.02674156,0.02694677,0.02715144,0.0273561,0.0274542,0.0275517,0.0276492,0.02774669,0.02784419,0.02786259,0.02788056,0.02789853,0.0279165,0.02793447,0.027931,0.0279274,0.0279238,0.02792021,0.02791661,0.02787483,0.02783272,0.02779061,0.0277485,0.02770639,0.02766428,0.02762217,0.02758006,0.02753795,0.02749584
20-Mar-19,0.02433255,0.02456861,0.0246572,0.0248544,0.02511734,0.02566787,0.02620142,0.02620811,0.02606808,0.02486527,0.02405693,0.0237698,0.02377381,0.02397143,0.02424698,0.02458984,0.02494202,0.0253007,0.02563559,0.02597034,0.02620121,0.02643092,0.02666063,0.02677136,0.02688143,0.0269915,0.02710157,0.02721164,0.02724122,0.02727033,0.02729945,0.02732857,0.02735769,0.02736177,0.02736572,0.02736967,0.02737362,0.02737757,0.02733792,0.02729803,0.02725814,0.02721825,0.02717836,0.02713847,0.02709858,0.02705869,0.0270188,0.02697891
21-Mar-19,0.02433255,0.02468317,0.02459085,0.02476772,0.02500354,0.02561487,0.02612252,0.02615794,0.02605274,0.02486165,0.02407156,0.02376758,0.02376895,0.02395164,0.02421549,0.02454075,0.02488468,0.02523925,0.02556461,0.02588955,0.02611185,0.02633299,0.02655413,0.02666658,0.0267772,0.02688782,0.02699843,0.02710905,0.02713534,0.02716068,0.02718602,0.02721137,0.02723671,0.02724137,0.02724581,0.02725025,0.02725468,0.02725912,0.02722011,0.02718062,0.02714112,0.02710163,0.02706213,0.02702264,0.02698314,0.02694365,0.02690415,0.02686466
22-Mar-19,0.02483777,0.02483346,0.0246721,0.02486858,0.02513056,0.0256955,0.02619747,0.02605456,0.02553946,0.02386333,0.02296847,0.02267153,0.02270406,0.02289187,0.02314459,0.02346474,0.02381836,0.02417184,0.02450112,0.02483014,0.02505744,0.02528363,0.02550982,0.02562615,0.02574092,0.0258557,0.02597048,0.02608526,0.02611975,0.02615289,0.02618603,0.02621917,0.02625231,0.02625969,0.02626663,0.02627357,0.02628052,0.02628746,0.02625066,0.02621339,0.02617612,0.02613884,0.02610157,0.0260643,0.02602702,0.02598975,0.02595248,0.0259152
25-Mar-19,0.0242818,0.02452405,0.02461386,0.02480267,0.02505441,0.02580257,0.02624435,0.02586266,0.02501118,0.02304626,0.02207045,0.02178835,0.02184914,0.02207431,0.02238017,0.02273852,0.023119,0.02349759,0.0238621,0.02422652,0.02447551,0.02472386,0.02497222,0.02510466,0.02523648,0.0253683,0.02550012,0.02563193,0.02567236,0.02571201,0.02575166,0.0257913,0.02583095,0.02584544,0.02585972,0.025874,0.02588828,0.02590256,0.0258652,0.02582729,0.02578938,0.02575146,0.02571355,0.02567564,0.02563773,0.02559982,0.02556191,0.02552399
26-Mar-19,0.02483943,0.02471179,0.02465813,0.02486598,0.0251431,0.0258004,0.02613694,0.02583661,0.02520922,0.02337895,0.02243612,0.02217074,0.02224708,0.02245672,0.02273425,0.02306947,0.0234328,0.02380111,0.02413801,0.02447475,0.0247071,0.02493884,0.02517058,0.02529537,0.02541953,0.0255437,0.02566787,0.02579204,0.02582503,0.02585754,0.02589004,0.02592255,0.02595506,0.02596746,0.02597974,0.02599203,0.02600432,0.02601661,0.02597988,0.02594276,0.02590563,0.0258685,0.02583137,0.02579425,0.02575712,0.02571999,0.02568286,0.02564573
27-Mar-19,0.02483943,0.02471798,0.02467632,0.02488868,0.02517184,0.02577949,0.02618431,0.02575467,0.02493638,0.02295537,0.02203036,0.02176509,0.02182072,0.02203827,0.02232371,0.02265317,0.02300933,0.02336632,0.02369643,0.02402632,0.02425734,0.02448729,0.02471724,0.0248375,0.02495655,0.02507561,0.02519466,0.02531372,0.02534874,0.0253828,0.02541687,0.02545094,0.025485,0.0254949,0.02550453,0.02551416,0.02552379,0.02553342,0.02549988,0.02546586,0.02543185,0.02539783,0.02536382,0.02532981,0.02529579,0.02526178,0.02522777,0.02519375
28-Mar-19,0.02483943,0.02479528,0.02464215,0.02486583,0.02516407,0.02567113,0.02602797,0.02573584,0.02512504,0.02337055,0.02254852,0.02231108,0.02237375,0.02258268,0.02284553,0.02316402,0.02350638,0.02384738,0.02416038,0.02447301,0.02468448,0.02489484,0.0251052,0.02521725,0.02532768,0.0254381,0.02554853,0.02565896,0.0256881,0.02571637,0.02574463,0.0257729,0.02580116,0.0258062,0.025811,0.02581579,0.02582059,0.02582538,0.02579031,0.0257548,0.02571928,0.02568376,0.02564825,0.02561273,0.02557721,0.0255417,0.02550618,0.02547066
29-Mar-19,0.02483777,0.02483497,0.02474394,0.02491017,0.02513181,0.02576609,0.02611566,0.02582827,0.02525125,0.02367423,0.02288891,0.02264383,0.02268658,0.0228689,0.0231055,0.02339226,0.02369852,0.02400125,0.02429762,0.02459388,0.02479857,0.02500225,0.02520594,0.02530966,0.02541197,0.02551427,0.02561658,0.02571889,0.02574525,0.02577033,0.02579542,0.0258205,0.02584559,0.02584717,0.02584836,0.02584955,0.02585074,0.02585193,0.02581777,0.02578323,0.02574869,0.02571415,0.02567961,0.02564507,0.02561053,0.02557598,0.02554144,0.0255069
1-Apr-19,0.02554912,0.02497901,0.02481062,0.02498255,0.02521178,0.02585023,0.02613276,0.0259403,0.02560143,0.02435518,0.02367751,0.02348151,0.02354691,0.02376632,0.02402108,0.02431542,0.02463068,0.02493935,0.02521594,0.02549237,0.02568383,0.02587483,0.02606583,0.02615936,0.02625236,0.02634535,0.02643834,0.02653133,0.02655085,0.02656976,0.02658867,0.02660758,0.02662649,0.02662255,0.02661842,0.0266143,0.02661017,0.02660604,0.02656886,0.02653133,0.02649379,0.02645625,0.02641872,0.02638118,0.02634364,0.02630611,0.02626857,0.02623103
2-Apr-19,0.02564906,0.02502579,0.02478092,0.02489989,0.02505851,0.02581675,0.02618248,0.02594171,0.02547422,0.02406503,0.02331283,0.02309775,0.02317368,0.02338806,0.02364374,0.02394336,0.02425204,0.02456601,0.02485639,0.02514663,0.02534361,0.02554007,0.02573654,0.0258409,0.02594475,0.02604859,0.02615244,0.02625629,0.02627774,0.02629874,0.02631974,0.02634074,0.02636174,0.02636443,0.02636702,0.02636961,0.0263722,0.02637478,0.02633964,0.02630417,0.0262687,0.02623323,0.02619776,0.02616229,0.02612682,0.02609135,0.02605588,0.02602041
3-Apr-19,0.02584772,0.02506977,0.0247547,0.0248844,0.02505733,0.02583289,0.02616409,0.02596133,0.02562021,0.02431683,0.02359724,0.02340712,0.02350356,0.02374202,0.02402663,0.02433153,0.02465538,0.0249803,0.02527821,0.02557597,0.02578157,0.02598614,0.02619071,0.0262948,0.02639831,0.02650182,0.02660533,0.02670884,0.02673259,0.02675589,0.0267792,0.02680251,0.02682581,0.02682672,0.0268275,0.02682828,0.02682906,0.02682984,0.02679374,0.02675745,0.02672116,0.02668487,0.02664858,0.02661229,0.026576,0.02653971,0.02650342,0.02646713
4-Apr-19,0.02544774,0.02493583,0.0246838,0.02481099,0.02498057,0.02565059,0.02600842,0.02585726,0.02556519,0.02427515,0.02355078,0.02335344,0.02344301,0.0236828,0.02395632,0.02426446,0.0245913,0.02491735,0.0252139,0.02551006,0.02570876,0.02590638,0.02610399,0.02621053,0.02631555,0.02642058,0.0265256,0.02663063,0.02665512,0.0266787,0.02670229,0.02672587,0.02674945,0.02675197,0.02675425,0.02675652,0.0267588,0.02676108,0.02672681,0.02669215,0.02665748,0.02662282,0.02658816,0.02655349,0.02651883,0.02648416,0.0264495,0.02641484
5-Apr-19,0.02504045,0.02496448,0.02478116,0.02486867,0.02498534,0.02558634,0.02598629,0.02583483,0.0255864,0.02425895,0.02350881,0.02325997,0.0232879,0.02350719,0.02378166,0.02409032,0.02441864,0.02473399,0.02503575,0.02533738,0.02554606,0.02575371,0.02596135,0.02607121,0.02617971,0.02628821,0.02639671,0.02650521,0.02653247,0.02655839,0.02658431,0.02661023,0.02663615,0.02663861,0.02664067,0.02664274,0.02664481,0.02664687,0.02661277,0.02657826,0.02654375,0.02650923,0.02647472,0.0264402,0.02640569,0.02637118,0.02633666,0.02630215
8-Apr-19,0.02483943,0.02473493,0.02467652,0.02484758,0.02507567,0.02570255,0.02598773,0.02584395,0.02565393,0.02439858,0.02368887,0.02345796,0.02349794,0.02373888,0.02402413,0.0243419,0.02467361,0.02500979,0.02531158,0.02561318,0.02581764,0.02602158,0.02622551,0.02633451,0.02644297,0.02655144,0.0266599,0.02676836,0.02679357,0.02681806,0.02684256,0.02686705,0.02689155,0.02689515,0.02689857,0.026902,0.02690542,0.02690885,0.02687258,0.02683586,0.02679914,0.02676242,0.0267257,0.02668898,0.02665227,0.02661555,0.02657883,0.02654211
9-Apr-19,0.02504221,0.02479746,0.02468098,0.02484444,0.0250624,0.0257499,0.02598833,0.02579181,0.02554401,0.02419606,0.02343634,0.02319574,0.02324084,0.02348684,0.02378586,0.0241116,0.02445296,0.02479978,0.02510788,0.02541578,0.02563097,0.02584563,0.0260603,0.02617245,0.02628406,0.02639567,0.02650729,0.0266189,0.02664747,0.02667557,0.02670367,0.02673177,0.02675987,0.02676447,0.02676892,0.02677338,0.02677784,0.02678229,0.02674717,0.0267117,0.02667624,0.02664077,0.0266053,0.02656984,0.02653437,0.02649891,0.02646344,0.02642797
10-Apr-19,0.02483943,0.02471953,0.02467109,0.02483698,0.02505818,0.02570629,0.02607926,0.02580353,0.02547113,0.02396896,0.02311671,0.02282292,0.0228492,0.02307921,0.02336619,0.02369789,0.02404956,0.02438554,0.02470246,0.02501929,0.02524815,0.02547602,0.0257039,0.02582206,0.0259396,0.02605714,0.02617468,0.02629223,0.02632578,0.02635886,0.02639193,0.02642501,0.02645808,0.02646513,0.02647202,0.02647892,0.02648581,0.02649271,0.02645687,0.02642078,0.02638469,0.0263486,0.02631251,0.02627642,0.02624033,0.02620424,0.02616815,0.02613206
11-Apr-19,0.02483943,0.02479782,0.02462345,0.02476257,0.02494805,0.02550269,0.02588409,0.02575018,0.0255941,0.02424441,0.02344764,0.0231844,0.02322992,0.02345068,0.0237365,0.02405669,0.02439969,0.02473853,0.02505516,0.02537149,0.02559358,0.02581464,0.0260357,0.02615552,0.02627365,0.02639179,0.02650992,0.02662806,0.0266608,0.02669258,0.02672436,0.02675614,0.02678792,0.0267953,0.0268024,0.02680951,0.02681662,0.02682372,0.0267879,0.02675159,0.02671528,0.02667897,0.02664266,0.02660635,0.02657004,0.02653373,0.02649742,0.02646111
12-Apr-19,0.0253446,0.02547069,0.02489473,0.02498399,0.02510301,0.0256225,0.02597166,0.0258836,0.02583423,0.02475842,0.02409546,0.02386323,0.02391854,0.02414929,0.02442963,0.02474442,0.02507252,0.02541162,0.02571405,0.0260161,0.02622544,0.02643375,0.02664205,0.02675449,0.02686557,0.02697666,0.02708774,0.02719883,0.02722327,0.02724623,0.0272692,0.02729217,0.02731513,0.02731745,0.02731941,0.02732138,0.02732335,0.02732532,0.02728948,0.02725324,0.027217,0.02718076,0.02714451,0.02710827,0.02707203,0.02703579,0.02699955,0.02696331
15-Apr-19,0.02633818,0.02522868,0.02478456,0.02490451,0.02506445,0.02560564,0.02592666,0.02589202,0.025858,0.02473263,0.02407369,0.02384367,0.02390055,0.02412145,0.02439665,0.02471505,0.02504672,0.025379,0.02568988,0.02600064,0.02621543,0.02642971,0.02664399,0.02675663,0.02686872,0.02698081,0.0270929,0.027205,0.02723387,0.02726203,0.02729019,0.02731835,0.02734652,0.02735257,0.02735844,0.02736432,0.02737019,0.02737606,0.02733992,0.0273033,0.02726668,0.02723005,0.02719343,0.02715681,0.02712018,0.02708356,0.02704694,0.02701031
16-Apr-19,0.02534635,0.02488484,0.02470248,0.02484648,0.02503847,0.02562004,0.02597325,0.02592219,0.02590565,0.02489314,0.02430996,0.0241285,0.02422764,0.02445564,0.02474326,0.02505942,0.02539678,0.02572827,0.02603081,0.0263332,0.02654246,0.0267512,0.02695994,0.02706922,0.02717796,0.02728669,0.02739543,0.02750417,0.02753029,0.02755597,0.02758165,0.02760733,0.02763301,0.02763778,0.02764243,0.02764708,0.02765172,0.02765637,0.02761938,0.02758203,0.02754468,0.02750733,0.02746998,0.02743263,0.02739528,0.02735793,0.02732058,0.02728323
17-Apr-19,0.02624017,0.02518835,0.02481179,0.02496032,0.02515836,0.02569128,0.02591031,0.02594286,0.02586152,0.02481673,0.02425917,0.02410749,0.02422346,0.02447317,0.02477864,0.02510869,0.02544831,0.02579669,0.02610167,0.02640643,0.02661775,0.02682804,0.02703833,0.0271476,0.0272563,0.027365,0.0274737,0.0275824,0.0276112,0.02763959,0.02766797,0.02769636,0.02772474,0.02772789,0.0277309,0.02773392,0.02773693,0.02773995,0.02770566,0.02767117,0.02763669,0.0276022,0.02756772,0.02753324,0.02749875,0.02746427,0.02742978,0.0273953
18-Apr-19,0.02585046,0.02507,0.02474882,0.02488182,0.02505917,0.02555049,0.02580482,0.02589951,0.02581034,0.02460321,0.02395612,0.02376971,0.02386396,0.02411433,0.02439866,0.02473717,0.02507953,0.02541604,0.02572095,0.02602546,0.02623666,0.02644682,0.02665699,0.02676951,0.0268804,0.02699129,0.02710218,0.02721307,0.02723962,0.02726521,0.02729081,0.0273164,0.02734199,0.02734683,0.02735144,0.02735606,0.02736067,0.02736528,0.0273317,0.02729771,0.02726372,0.02722973,0.02719573,0.02716174,0.02712775,0.02709376,0.02705977,0.02702577
22-Apr-19,0.02524495,0.02486144,0.02469699,0.02486375,0.02508609,0.02562767,0.02582817,0.02580443,0.02564968,0.0245673,0.02400207,0.02387076,0.02401778,0.02429872,0.02461432,0.0249521,0.0253162,0.02566271,0.02597522,0.02628758,0.02650349,0.02671886,0.02693424,0.027045,0.02715521,0.02726542,0.02737562,0.02748583,0.02751427,0.02754201,0.02756976,0.0275975,0.02762524,0.02763246,0.0276395,0.02764654,0.02765358,0.02766062,0.02762422,0.02758735,0.02755049,0.02751363,0.02747677,0.0274399,0.02740304,0.02736618,0.02732931,0.02729245
23-Apr-19,0.02534635,0.02491632,0.02472666,0.02484651,0.0250063,0.02551339,0.02572147,0.02570812,0.02551881,0.0243062,0.02372984,0.02358102,0.02372192,0.02399538,0.02433211,0.02468551,0.02506023,0.0254186,0.02573702,0.02605526,0.02627909,0.02650242,0.02672575,0.02684146,0.0269566,0.02707173,0.02718687,0.027302,0.02733541,0.02736834,0.02740126,0.02743419,0.02746712,0.02747674,0.02748623,0.02749571,0.0275052,0.02751469,0.02747852,0.02744197,0.02740541,0.02736885,0.0273323,0.02729574,0.02725918,0.02722263,0.02718607,0.02714951
24-Apr-19,0.02483943,0.02476965,0.02473821,0.0248773,0.02506274,0.02559986,0.02575231,0.02556867,0.02523411,0.02389383,0.02325028,0.02311248,0.0232641,0.02354101,0.02387551,0.02423402,0.0246073,0.02497087,0.02529353,0.02561599,0.02584055,0.026064,0.02628744,0.0264054,0.02652281,0.02664021,0.02675762,0.02687503,0.02690829,0.02694108,0.02697387,0.02700665,0.02703944,0.02704763,0.02705569,0.02706375,0.02707181,0.02707986,0.02704803,0.02701598,0.02698394,0.02695189,0.02691984,0.0268878,0.02685575,0.0268237,0.02679166,0.02675961
25-Apr-19,0.02448459,0.02475978,0.02466027,0.02480324,0.02499387,0.02558225,0.02576306,0.02565038,0.02541828,0.02409539,0.02344466,0.02332835,0.0234872,0.02377002,0.02408651,0.02443776,0.02480084,0.02516199,0.0254781,0.02579364,0.02601604,0.02623742,0.0264588,0.02657467,0.02668967,0.02680467,0.02691967,0.02703467,0.0270672,0.02709883,0.02713046,0.02716209,0.02719372,0.02720076,0.02720754,0.02721431,0.02722108,0.02722786,0.02719543,0.02716256,0.02712969,0.02709682,0.02706395,0.02703108,0.02699821,0.02696534,0.02693247,0.0268996
26-Apr-19,0.02483777,0.02483099,0.02476834,0.02488411,0.02503846,0.02557124,0.02573129,0.02556594,0.025157,0.02370112,0.02301501,0.02289528,0.02306429,0.02335769,0.02369537,0.0240626,0.02444267,0.02481433,0.0251433,0.02547186,0.02570752,0.02594217,0.02617681,0.02629917,0.02642088,0.0265426,0.02666431,0.02678602,0.02682176,0.02685681,0.02689185,0.02692689,0.02696193,0.02697411,0.0269861,0.02699809,0.02701007,0.02702206,0.02698902,0.02695548,0.02692194,0.0268884,0.02685486,0.02682133,0.02678779,0.02675425,0.02672071,0.02668717
29-Apr-19,0.02514354,0.02496414,0.02480926,0.02493134,0.02509411,0.02548855,0.02564048,0.02554581,0.02517681,0.02377844,0.02315403,0.02307183,0.02326542,0.02357047,0.02391974,0.02430037,0.02468117,0.0250566,0.02538848,0.02572015,0.02595092,0.02618111,0.02641131,0.02653516,0.02665842,0.02678168,0.02690494,0.02702819,0.0270652,0.02710151,0.02713781,0.02717411,0.02721041,0.02721956,0.02722849,0.02723742,0.02724635,0.02725528,0.02722229,0.02718884,0.02715539,0.02712194,0.02708849,0.02705504,0.02702159,0.02698814,0.02695469,0.02692124
30-Apr-19,0.02402839,0.02450118,0.02466204,0.02481043,0.02500828,0.02542388,0.02558424,0.02546126,0.02505245,0.02359384,0.02296294,0.0228618,0.023045,0.02335551,0.02370697,0.02408137,0.02447285,0.02484706,0.02517884,0.02551043,0.02574314,0.02597533,0.02620752,0.02632996,0.02645177,0.02657358,0.02669539,0.02681721,0.0268527,0.02688772,0.02692275,0.02695777,0.0269928,0.02700201,0.02701107,0.02702014,0.02702921,0.02703827,0.02700708,0.02697556,0.02694404,0.02691252,0.026881,0.02684947,0.02681795,0.02678643,0.02675491,0.02672339
1-May-19,0.02483943,0.02477706,0.02475637,0.02489584,0.02508179,0.02542763,0.02558996,0.02559427,0.02537087,0.02406773,0.02342406,0.0232468,0.02334747,0.02359306,0.02388576,0.02421823,0.02456043,0.02490823,0.02522004,0.02553166,0.02574546,0.02595818,0.0261709,0.02628835,0.0264053,0.02652225,0.0266392,0.02675615,0.02678724,0.02681783,0.02684841,0.026879,0.02690959,0.02691547,0.02692122,0.02692696,0.0269327,0.02693845,0.02690598,0.02687328,0.02684059,0.0268079,0.0267752,0.02674251,0.02670981,0.02667712,0.02664443,0.02661173
2-May-19,0.0243832,0.02471904,0.02452613,0.02467204,0.02486659,0.02520214,0.02542068,0.02556004,0.0254754,0.02434558,0.02375266,0.02360149,0.02373589,0.02398314,0.02426896,0.02458375,0.02491807,0.02524426,0.02554162,0.02583863,0.02604209,0.02624454,0.02644699,0.02655618,0.02666383,0.02677148,0.02687912,0.02698677,0.0270124,0.02703715,0.02706189,0.02708663,0.02711137,0.02711373,0.02711586,0.02711798,0.0271201,0.02712222,0.02709284,0.02706311,0.02703339,0.02700366,0.02697393,0.02694421,0.02691448,0.02688475,0.02685503,0.0268253
3-May-19,0.02417882,0.02436367,0.02447055,0.02461756,0.02481357,0.02519015,0.02540441,0.02551595,0.02540066,0.02424079,0.02361187,0.02342962,0.02353752,0.02377937,0.02406506,0.02438326,0.02470415,0.02504087,0.02533201,0.02562267,0.02582439,0.02602514,0.02622589,0.02633349,0.02643981,0.02654614,0.02665246,0.02675878,0.0267862,0.02681231,0.02683842,0.02686453,0.02689064,0.02689322,0.0268954,0.02689759,0.02689977,0.02690195,0.02687074,0.02683917,0.02680759,0.02677602,0.02674445,0.02671288,0.0266813,0.02664973,0.02661816,0.02658659
6-May-19,0.02433255,0.02455235,0.02457089,0.0247011,0.02487472,0.02525669,0.02544509,0.02545108,0.02516627,0.02383427,0.02310198,0.02286376,0.02293874,0.02316825,0.02345251,0.0237802,0.02411093,0.02445745,0.02476405,0.02507044,0.02528605,0.02550118,0.02571632,0.0258283,0.02593973,0.02605117,0.0261626,0.02627404,0.02630678,0.02633887,0.02637095,0.02640303,0.02643512,0.02643959,0.02644384,0.02644808,0.02645233,0.02645657,0.02642818,0.02639943,0.02637068,0.02634193,0.02631318,0.02628443,0.02625568,0.02622693,0.02619818,0.02616943
7-May-19,0.02433255,0.02453015,0.02452597,0.02466541,0.02485132,0.02528376,0.0254559,0.02539386,0.02507099,0.02364224,0.02293223,0.02271951,0.02279942,0.02303751,0.02332759,0.02365993,0.02399629,0.02433815,0.02463978,0.0249412,0.02515154,0.02536137,0.02557119,0.0256788,0.02578586,0.02589292,0.02599998,0.02610704,0.02613868,0.02616991,0.02620114,0.02623237,0.0262636,0.02626847,0.0262732,0.02627794,0.02628267,0.0262874,0.02625684,0.02622597,0.02619511,0.02616425,0.02613339,0.02610253,0.02607167,0.02604081,0.02600995,0.02597908
8-May-19,0.02433255,0.02449999,0.02445185,0.02458637,0.02476573,0.02517821,0.0253592,0.02534799,0.02507547,0.02372865,0.0230943,0.02292546,0.02303516,0.02327565,0.02357299,0.02390478,0.02424538,0.02458145,0.02488198,0.02518233,0.02539355,0.0256038,0.02581405,0.02592405,0.02603349,0.02614294,0.02625238,0.02636183,0.02639064,0.026419,0.02644736,0.02647572,0.02650408,0.02650897,0.02651372,0.02651847,0.02652322,0.02652798,0.02649676,0.02646536,0.02643396,0.02640256,0.02637116,0.02633976,0.02630836,0.02627696,0.02624556,0.02621416
9-May-19,0.02354084,0.02438035,0.02435617,0.0245041,0.02470134,0.02508754,0.02527958,0.02522356,0.02484674,0.02342092,0.02276088,0.02258366,0.02268035,0.02291611,0.0232011,0.0235257,0.02386856,0.02420566,0.02450735,0.02480862,0.0250205,0.02523139,0.02544229,0.02555341,0.02566284,0.02577227,0.02588171,0.02599114,0.02602043,0.02604882,0.02607722,0.02610561,0.026134,0.02613899,0.02614372,0.02614846,0.02615319,0.02615793,0.02612954,0.02610078,0.02607203,0.02604328,0.02601453,0.02598578,0.02595703,0.02592827,0.02589952,0.02587077
10-May-19,0.02382404,0.02405608,0.02421985,0.02438591,0.02460733,0.02501246,0.02519202,0.02513559,0.02480749,0.02348313,0.02288594,0.02274293,0.02287079,0.02312207,0.02341742,0.02375802,0.0241074,0.02445535,0.02475644,0.02505708,0.02526912,0.02548019,0.02569126,0.02580056,0.02590844,0.02601632,0.0261242,0.02623208,0.02626172,0.02629004,0.02631837,0.02634669,0.02637501,0.02638019,0.02638496,0.02638974,0.02639452,0.0263993,0.02636818,0.02633668,0.02630518,0.02627368,0.02624218,0.02621068,0.02617918,0.02614768,0.02611618,0.02608468
13-May-19,0.0235602,0.02413443,0.02427044,0.02440557,0.02458575,0.02503083,0.02513469,0.02479843,0.02411257,0.02250962,0.02188904,0.02179513,0.02198089,0.02225858,0.02259069,0.0229498,0.02331796,0.02367445,0.02398545,0.02429625,0.02451275,0.02472874,0.02494473,0.02505737,0.02516943,0.02528148,0.02539354,0.02550559,0.02553935,0.02557245,0.02560555,0.02563866,0.02567176,0.02567627,0.02568053,0.0256848,0.02568907,0.02569333,0.02566373,0.02563375,0.02560377,0.02557379,0.02554381,0.02551382,0.02548384,0.02545386,0.02542388,0.0253939
14-May-19,0.02524495,0.02471502,0.02444227,0.02453439,0.02465722,0.02506196,0.02518584,0.02489205,0.02421486,0.02255948,0.02191609,0.02179285,0.02196342,0.02225189,0.02259267,0.02296593,0.02333855,0.02370602,0.02402256,0.02433886,0.02456115,0.02478291,0.02500466,0.0251233,0.02524134,0.02535939,0.02547743,0.02559547,0.02562868,0.02566143,0.02569418,0.02572693,0.02575968,0.02576661,0.02577341,0.02578021,0.025787,0.0257938,0.02576237,0.02573061,0.02569886,0.0256671,0.02563534,0.02560359,0.02557183,0.02554007,0.02550832,0.02547656
15-May-19,0.02494078,0.02459143,0.02436213,0.02446712,0.0246071,0.02503371,0.02516594,0.02484343,0.02401942,0.02217157,0.02146598,0.02133857,0.02149912,0.02179093,0.02212952,0.0225028,0.02288466,0.02325198,0.02357845,0.02390472,0.02413919,0.02437264,0.02460609,0.02472919,0.02485165,0.02497412,0.02509658,0.02521904,0.02525847,0.02529745,0.02533643,0.02537541,0.02541439,0.02542375,0.02543295,0.02544215,0.02545136,0.02546056,0.02543105,0.02540133,0.02537161,0.02534189,0.02531217,0.02528245,0.02525273,0.02522301,0.02519329,0.02516357
16-May-19,0.02504221,0.02482673,0.02443978,0.02453959,0.02467266,0.0250261,0.02519805,0.02492274,0.02418935,0.02242195,0.0216965,0.0215525,0.02170443,0.02199129,0.0223329,0.02270414,0.02308852,0.02345689,0.02378204,0.0241067,0.0243382,0.02456866,0.02479912,0.02492113,0.02504131,0.0251615,0.02528168,0.02540186,0.02543662,0.02547043,0.02550424,0.02553805,0.02557185,0.02558294,0.02559378,0.02560462,0.02561546,0.0256263,0.02559405,0.02556132,0.02552858,0.02549585,0.02546311,0.02543038,0.02539764,0.02536491,0.02533217,0.02529944
17-May-19,0.02433089,0.02443127,0.02438985,0.02449254,0.02462945,0.02499564,0.02518321,0.02493811,0.02419066,0.02243746,0.02172035,0.02157037,0.02170715,0.02198387,0.02231515,0.02267609,0.02304011,0.02340848,0.02373055,0.02405215,0.02428031,0.02450742,0.02473453,0.02485368,0.02497136,0.02508904,0.02520672,0.0253244,0.02535986,0.02539392,0.02542798,0.02546205,0.02549611,0.02550478,0.02551302,0.02552125,0.02552949,0.02553773,0.02550578,0.02547341,0.02544103,0.02540866,0.02537628,0.02534391,0.02531153,0.02527915,0.02524678,0.0252144
20-May-19,0.02473807,0.02468424,0.02445637,0.02452562,0.02461795,0.02497703,0.02518721,0.02500819,0.02431583,0.02262009,0.02194765,0.02182848,0.0219783,0.0222457,0.02256232,0.02291101,0.02327399,0.0236307,0.02394472,0.02425854,0.02447722,0.02469536,0.02491349,0.02502978,0.02514553,0.02526127,0.02537702,0.02549277,0.02552518,0.02555688,0.02558858,0.02562028,0.02565198,0.02565787,0.02566354,0.02566921,0.02567488,0.02568055,0.02564783,0.02561469,0.02558155,0.02554841,0.02551527,0.02548213,0.02544899,0.02541585,0.02538271,0.02534957
21-May-19,0.02504221,0.02478813,0.02447946,0.02452282,0.02458064,0.02495678,0.02521361,0.02512583,0.02451813,0.02288777,0.02219196,0.02205253,0.02217127,0.02242301,0.02271574,0.02305287,0.02340406,0.02375024,0.0240563,0.02436217,0.02458116,0.0247997,0.02501823,0.0251337,0.02524856,0.02536343,0.0254783,0.02559316,0.02562417,0.02565474,0.0256853,0.02571586,0.02574643,0.02575099,0.02575541,0.02575984,0.02576426,0.02576868,0.02573601,0.02570304,0.02567007,0.0256371,0.02560412,0.02557115,0.02553818,0.02550521,0.02547224,0.02543926
22-May-19,0.02463671,0.02453283,0.02441908,0.02450594,0.02462176,0.0250116,0.0252382,0.02511634,0.02440707,0.02259478,0.02183519,0.02164458,0.02173735,0.02197624,0.02226727,0.02259895,0.02294901,0.02329486,0.02360486,0.02391467,0.02413678,0.02435769,0.0245786,0.02469628,0.02481339,0.02493049,0.0250476,0.0251647,0.02519702,0.02522885,0.02526068,0.0252925,0.02532433,0.02533168,0.0253389,0.02534612,0.02535333,0.02536055,0.02532732,0.02529387,0.02526043,0.02522698,0.02519353,0.02516008,0.02512664,0.02509319,0.02505974,0.0250263
23-May-19,0.02443394,0.02455193,0.02441414,0.02446355,0.02452943,0.02489311,0.02515396,0.02488803,0.02387563,0.02184224,0.02111074,0.02096331,0.02107297,0.02132249,0.02161649,0.02194995,0.02230163,0.02265807,0.0229778,0.02329683,0.02352456,0.02375105,0.02397754,0.02410081,0.02422209,0.02434337,0.02446465,0.02458593,0.02462194,0.02465603,0.02469012,0.02472421,0.02475829,0.0247673,0.02477575,0.02478419,0.02479263,0.02480108,0.02476944,0.02473724,0.02470504,0.02467284,0.02464065,0.02460845,0.02457625,0.02454405,0.02451185,0.02447966
24-May-19,0.02443141,0.02450805,0.0244007,0.02445705,0.02453218,0.02492707,0.02519405,0.0249301,0.02390155,0.02180484,0.02103979,0.02091345,0.02104947,0.02130885,0.02161332,0.02195833,0.02230991,0.02266073,0.02298236,0.0233035,0.02352758,0.0237503,0.02397302,0.02409361,0.02421246,0.02433132,0.02445017,0.02456902,0.0246036,0.02463649,0.02466939,0.02470229,0.02473519,0.02474557,0.0247555,0.02476542,0.02477535,0.02478528,0.0247509,0.02471602,0.02468115,0.02464628,0.02461141,0.02457654,0.02454167,0.02450679,0.02447192,0.02443705
28-May-19,0.02433255,0.02438394,0.02435483,0.02445248,0.02458268,0.02501638,0.02524364,0.0248829,0.02368748,0.02140591,0.02058921,0.02040826,0.02049546,0.02075189,0.02106913,0.02142044,0.02178864,0.02215482,0.02248162,0.02280817,0.02303908,0.02326947,0.02349986,0.02362494,0.02374947,0.023874,0.02399853,0.02412306,0.02415893,0.02419409,0.02422924,0.0242644,0.02429955,0.02431081,0.02432185,0.0243329,0.02434395,0.02435498,0.02432168,0.02428837,0.02425507,0.02422176,0.02418846,0.02415515,0.02412185,0.02408854,0.02405524,0.02402193
29-May-19,0.02433255,0.02437213,0.02435579,0.0244937,0.02467518,0.02506526,0.02523535,0.02480779,0.02361323,0.02138411,0.02059413,0.02043956,0.02054728,0.02078875,0.02107928,0.02142003,0.02176566,0.02211555,0.02244024,0.02276476,0.02299146,0.02321789,0.02344432,0.02356735,0.02368979,0.02381224,0.02393468,0.02405713,0.02409294,0.0241283,0.02416365,0.02419901,0.02423436,0.02424441,0.02425433,0.02426424,0.02427415,0.02428396,0.02425171,0.02421945,0.0241872,0.02415494,0.02412269,0.02409043,0.02405818,0.02402592,0.02399367,0.02396141
30-May-19,0.02443394,0.0248002,0.0245313,0.02459263,0.02467441,0.02503039,0.02522866,0.02476623,0.02345705,0.02111528,0.02029939,0.02012958,0.02024457,0.02049375,0.02078722,0.02112555,0.021482,0.02183763,0.02215913,0.0224801,0.02270882,0.02293651,0.0231642,0.02328701,0.02340806,0.02352912,0.02365018,0.02377123,0.02380499,0.02383775,0.02387052,0.02390329,0.02393606,0.02394622,0.02395612,0.02396602,0.02397592,0.02398582,0.02395517,0.02392409,0.023893,0.02386191,0.02383082,0.02379973,0.02376864,0.02373755,0.02370646,0.02367537
31-May-19,0.02443229,0.02450564,0.02435962,0.02441921,0.02449868,0.0247868,0.02488279,0.02404788,0.0222716,0.01967046,0.01891659,0.01886485,0.01909427,0.01940637,0.019752,0.02013192,0.0205254,0.02090735,0.02123228,0.02155663,0.02178798,0.02201832,0.02224866,0.02237252,0.02249488,0.02261723,0.02273958,0.02286194,0.02289837,0.0229334,0.02296842,0.02300344,0.02303847,0.02304996,0.02306105,0.02307215,0.02308324,0.02309434,0.02306416,0.02303352,0.02300288,0.02297224,0.0229416,0.02291096,0.02288032,0.02284969,0.02281905,0.02278841
3-Jun-19,0.02402839,0.02425443,0.02424387,0.02432798,0.02444012,0.02458301,0.02447068,0.02315684,0.0210992,0.01857358,0.0178589,0.01788826,0.0181985,0.01858571,0.01899574,0.0194268,0.01985061,0.02025753,0.02060918,0.02096051,0.02120789,0.02145466,0.02170143,0.02183182,0.02196158,0.02209133,0.02222109,0.02235084,0.02239478,0.022438,0.02248122,0.02252444,0.02256766,0.02257949,0.02259106,0.02260263,0.0226142,0.02262576,0.02259638,0.02256653,0.02253668,0.02250683,0.02247699,0.02244714,0.02241729,0.02238744,0.0223576,0.02232775
4-Jun-19,0.02433255,0.02430627,0.02423068,0.02431598,0.0244297,0.02474701,0.02476081,0.02345863,0.02147787,0.01911035,0.01850629,0.01858003,0.018922,0.01932713,0.01974297,0.02017646,0.020609,0.02102119,0.02137526,0.02172903,0.02198206,0.02223451,0.02248696,0.02262324,0.02275887,0.02289451,0.02303015,0.02316579,0.02321023,0.02325414,0.02329805,0.02334196,0.02338587,0.02339981,0.0234136,0.02342738,0.02344117,0.02345495,0.02342233,0.02338931,0.0233563,0.02332329,0.02329028,0.02325727,0.02322426,0.02319125,0.02315824,0.02312523
5-Jun-19,0.02433255,0.02430879,0.02423623,0.02432091,0.02443381,0.02475429,0.02473747,0.02332619,0.02127672,0.01895698,0.01837234,0.01846127,0.01881346,0.01927759,0.01977128,0.02025791,0.02073169,0.02118158,0.02157005,0.02195821,0.02223277,0.02250605,0.02277933,0.02292791,0.02307584,0.02322377,0.0233717,0.02351964,0.02357063,0.02362112,0.02367161,0.02372209,0.02377258,0.02379371,0.02381466,0.02383562,0.02385658,0.02387753,0.02384383,0.02380984,0.02377585,0.02374185,0.02370786,0.02367386,0.02363987,0.02360587,0.02357188,0.02353789
6-Jun-19,0.02433255,0.0244157,0.02426208,0.02433198,0.02442518,0.02472556,0.02473826,0.02332707,0.02142156,0.01928281,0.01872522,0.01873819,0.01901374,0.01941548,0.0198318,0.0202734,0.02070127,0.02110852,0.02147136,0.02183358,0.02209008,0.02234541,0.02260075,0.02273823,0.02287379,0.02300934,0.02314489,0.02328044,0.02332774,0.02337405,0.02342035,0.02346665,0.02351296,0.0235269,0.02354048,0.02355406,0.02356764,0.02358122,0.02354894,0.02351616,0.02348339,0.02345062,0.02341784,0.02338507,0.02335229,0.02331952,0.02328675,0.02325397
7-Jun-19,0.02483777,0.0246881,0.02434062,0.02436768,0.02440375,0.02456996,0.02448105,0.0229999,0.02107609,0.01908188,0.01853222,0.01851907,0.01876618,0.01912316,0.01951471,0.01992539,0.02033385,0.02073607,0.02109903,0.02146151,0.02172425,0.02198592,0.02224758,0.02238837,0.02252747,0.02266656,0.02280566,0.02294475,0.02299522,0.02304424,0.02309325,0.02314227,0.02319128,0.02320818,0.02322456,0.02324093,0.0232573,0.02327368,0.02324093,0.02320766,0.02317439,0.02314112,0.02310784,0.02307457,0.0230413,0.02300803,0.02297476,0.02294149
10-Jun-19,0.02433255,0.02430879,0.02422388,0.02429113,0.02438081,0.02466269,0.02461533,0.02324211,0.02155015,0.01961125,0.01907685,0.01906321,0.01929406,0.01965044,0.02005237,0.02046054,0.02087253,0.02127938,0.02163938,0.0219991,0.02225425,0.02250881,0.02276338,0.02290325,0.02304252,0.0231818,0.02332107,0.02346034,0.02350492,0.0235487,0.02359248,0.02363626,0.02368004,0.02369395,0.02370761,0.02372128,0.02373494,0.02374861,0.02371648,0.02368386,0.02365124,0.02361862,0.023586,0.02355338,0.02352076,0.02348814,0.02345552,0.0234229
11-Jun-19,0.02402839,0.02442051,0.02423806,0.0242886,0.02435598,0.02473462,0.02478006,0.02348973,0.02180237,0.01973204,0.01907708,0.01899724,0.0191765,0.01952789,0.0199172,0.02032368,0.02073478,0.02113066,0.02148241,0.0218339,0.02208137,0.02232829,0.0225752,0.02271065,0.02284546,0.02298027,0.02311507,0.02324988,0.02329189,0.02333341,0.02337492,0.02341644,0.02345795,0.0234667,0.02347525,0.0234838,0.02349235,0.02350091,0.02347015,0.02343908,0.023408,0.02337693,0.02334585,0.02331477,0.0232837,0.02325262,0.02322155,0.02319047
12-Jun-19,0.02402839,0.02417047,0.02418483,0.02426724,0.02437713,0.02460746,0.02450307,0.02313767,0.02135991,0.01915078,0.01848279,0.01843519,0.0186769,0.01905734,0.01948674,0.01993058,0.02038298,0.02080004,0.02117204,0.02154381,0.02180886,0.02207272,0.02233659,0.0224796,0.02262194,0.02276428,0.02290661,0.02304895,0.023098,0.02314656,0.02319512,0.02324367,0.02329223,0.02330838,0.02332435,0.02334031,0.02335627,0.02337224,0.02333711,0.02330169,0.02326627,0.02323085,0.02319543,0.02316001,0.0231246,0.02308918,0.02305376,0.02301834
13-Jun-19,0.02433255,0.02435194,0.02427086,0.02433567,0.02442209,0.02453189,0.02434217,0.02272287,0.02077554,0.01852834,0.01788956,0.01789667,0.01818716,0.01859875,0.01903545,0.01950287,0.01995646,0.02039543,0.02077399,0.02115174,0.02142052,0.02168807,0.02195563,0.02210082,0.02224393,0.02238703,0.02253014,0.02267325,0.02272251,0.02277075,0.022819,0.02286725,0.0229155,0.02293438,0.02295295,0.02297152,0.02299009,0.02300866,0.02297546,0.0229417,0.02290794,0.02287418,0.02284043,0.02280667,0.02277291,0.02273915,0.0227054,0.02267164
14-Jun-19,0.02433089,0.02431464,0.02432133,0.02439378,0.02449038,0.02459125,0.02437778,0.02277352,0.02083295,0.01851359,0.01782092,0.01777895,0.01803132,0.0184109,0.01882624,0.01925597,0.01969425,0.02012204,0.02049423,0.0208658,0.02113289,0.02139881,0.02166473,0.02181287,0.02195934,0.02210581,0.02225229,0.02239876,0.02244617,0.02249189,0.02253762,0.02258334,0.02262907,0.02264833,0.02266715,0.02268598,0.02270481,0.02272364,0.02268967,0.0226551,0.02262054,0.02258598,0.02255141,0.02251685,0.02248228,0.02244772,0.02241315,0.02237859
17-Jun-19,0.02423114,0.02430989,0.02443571,0.02451341,0.02461701,0.02468409,0.02443231,0.02290064,0.02110161,0.01893277,0.01826674,0.01819242,0.01840802,0.01876462,0.01916651,0.01958496,0.02000195,0.02041334,0.02076973,0.0211258,0.02137646,0.02162653,0.02187659,0.02201622,0.02215521,0.0222942,0.0224332,0.02257219,0.02261426,0.02265555,0.02269685,0.02273814,0.02277943,0.02279366,0.02280766,0.02282167,0.02283568,0.02284968,0.02281606,0.0227819,0.02274773,0.02271357,0.0226794,0.02264524,0.02261107,0.02257691,0.02254274,0.02250857
18-Jun-19,0.02483943,0.02434195,0.02408031,0.02410804,0.02414502,0.0242682,0.02414113,0.02275472,0.02111706,0.01891538,0.01816821,0.01799769,0.01812536,0.0184458,0.01881945,0.01920972,0.01962009,0.02001528,0.02036615,0.02071678,0.02097322,0.02122913,0.02148503,0.02162352,0.02176138,0.02189923,0.02203709,0.02217494,0.02221952,0.02226359,0.02230766,0.02235173,0.0223958,0.02241003,0.0224241,0.02243817,0.02245225,0.02246632,0.02243305,0.02239941,0.02236577,0.02233213,0.02229849,0.02226485,0.02223121,0.02219758,0.02216394,0.0221303
19-Jun-19,0.02433255,0.02416629,0.02401761,0.02406674,0.02413225,0.02423288,0.02410735,0.02210762,0.01990373,0.01754805,0.0169484,0.01698652,0.01730332,0.01773417,0.01820405,0.01867782,0.01915997,0.01961855,0.01999956,0.02038019,0.02065492,0.02092847,0.02120201,0.02135087,0.02149905,0.02164723,0.02179541,0.02194359,0.02199457,0.02204499,0.02209541,0.02214582,0.02219624,0.02221469,0.02223296,0.02225124,0.02226951,0.02228778,0.02225435,0.02222067,0.02218698,0.02215329,0.02211961,0.02208592,0.02205224,0.02201855,0.02198486,0.02195118
20-Jun-19,0.0242818,0.02406115,0.02413689,0.0241983,0.02428019,0.02412971,0.02374686,0.02193159,0.02006724,0.01794394,0.01737245,0.01734392,0.0175758,0.01796578,0.01837055,0.01882127,0.01927935,0.01970693,0.02008479,0.02046201,0.02072843,0.0209936,0.02125877,0.02140844,0.02155618,0.02170391,0.02185165,0.02199939,0.02205113,0.02210181,0.02215249,0.02220318,0.02225386,0.02227148,0.02228873,0.02230599,0.02232324,0.02234049,0.02230638,0.0222717,0.02223702,0.02220234,0.02216766,0.02213297,0.02209829,0.02206361,0.02202893,0.02199425
21-Jun-19,0.02433089,0.02422288,0.02412708,0.02420234,0.0243027,0.02410426,0.02378606,0.02191255,0.01999277,0.01782465,0.01726317,0.01728967,0.01760375,0.01802481,0.01849206,0.01897458,0.01944441,0.01990406,0.02029755,0.02069036,0.02097186,0.02125213,0.0215324,0.02168813,0.02184215,0.02199616,0.02215017,0.02230418,0.02235975,0.02241365,0.02246755,0.02252145,0.02257535,0.02259656,0.02261723,0.0226379,0.02265857,0.02267925,0.02264475,0.02260966,0.02257457,0.02253947,0.02250438,0.02246929,0.0224342,0.02239911,0.02236402,0.02232893
24-Jun-19,0.02433255,0.02413118,0.02414788,0.02421358,0.02430117,0.0238239,0.02355886,0.02154622,0.01952592,0.01731516,0.01676412,0.01683262,0.01718024,0.01761352,0.0180609,0.01854075,0.01901482,0.01946249,0.01985004,0.02023729,0.02051061,0.02078333,0.02105605,0.02120723,0.02135769,0.02150816,0.02165863,0.0218091,0.02186149,0.02191308,0.02196468,0.02201627,0.02206787,0.02208908,0.02211004,0.022131,0.02215196,0.02217292,0.02213906,0.0221046,0.02207014,0.02203568,0.02200122,0.02196676,0.0219323,0.02189784,0.02186338,0.02182892
25-Jun-19,0.02463671,0.02422642,0.0241363,0.02421002,0.02430833,0.02375665,0.02336695,0.02152051,0.01953461,0.01723797,0.01661399,0.01660134,0.01686651,0.0172794,0.01772439,0.01818739,0.01864887,0.01909653,0.01948941,0.01988201,0.0201592,0.02043571,0.02071223,0.02086571,0.02101855,0.02117138,0.02132422,0.02147705,0.02153042,0.02158325,0.02163607,0.02168889,0.02174172,0.02176281,0.02178372,0.02180462,0.02182553,0.02184644,0.02181431,0.02178174,0.02174916,0.02171658,0.02168401,0.02165143,0.02161885,0.02158628,0.0215537,0.02152112
26-Jun-19,0.0242818,0.0244157,0.02427475,0.02429743,0.02432767,0.02383664,0.02352856,0.02184609,0.02006273,0.01790762,0.01730906,0.01730723,0.01758885,0.01799446,0.01843838,0.01890238,0.01935818,0.01980125,0.02018292,0.02056413,0.02083744,0.02110953,0.02138162,0.02153385,0.02168475,0.02183565,0.02198655,0.02213744,0.02219401,0.02224952,0.02230503,0.02236054,0.02241605,0.02243463,0.0224528,0.02247096,0.02248913,0.0225073,0.02247219,0.02243651,0.02240083,0.02236514,0.02232946,0.02229378,0.0222581,0.02222241,0.02218673,0.02215105
27-Jun-19,0.02534635,0.02463845,0.02429318,0.02432041,0.02435671,0.02387998,0.02345966,0.02178101,0.01995355,0.01776412,0.01715432,0.01714604,0.01743038,0.01782073,0.01824125,0.01868659,0.01912317,0.01956129,0.01993643,0.0203107,0.02057888,0.0208459,0.02111292,0.02126372,0.02141256,0.02156141,0.02171025,0.02185909,0.02191079,0.02196142,0.02201205,0.02206269,0.02211332,0.02212957,0.02214543,0.0221613,0.02217716,0.02219303,0.02216093,0.02212831,0.02209568,0.02206306,0.02203043,0.02199781,0.02196518,0.02193256,0.02189993,0.02186731
28-Jun-19,0.0253446,0.02499175,0.02442142,0.02440752,0.024389,0.0238117,0.02344705,0.0218047,0.02007554,0.01797091,0.01734436,0.01730468,0.01756802,0.01793803,0.01835363,0.01878344,0.01922154,0.01964903,0.0200265,0.02040341,0.02067398,0.0209434,0.02121282,0.02136423,0.02151399,0.02166376,0.02181352,0.02196329,0.02201837,0.0220716,0.02212483,0.02217805,0.02223128,0.02224782,0.02226363,0.02227944,0.02229526,0.02231107,0.02227738,0.02224314,0.02220889,0.02217465,0.02214041,0.02210616,0.02207192,0.02203767,0.02200343,0.02196919
1-Jul-19,0.02433255,0.02443957,0.02423918,0.024228,0.0242131,0.02375254,0.02349427,0.02202425,0.02044675,0.01835092,0.01768479,0.0176009,0.01780643,0.01816872,0.01858106,0.01900331,0.01944242,0.01986446,0.02024805,0.02063141,0.02089851,0.02116495,0.0214314,0.0215834,0.02173478,0.02188615,0.02203752,0.02218889,0.02224077,0.02229154,0.02234231,0.02239308,0.02244385,0.02246008,0.02247591,0.02249175,0.02250758,0.02252341,0.02249083,0.02245759,0.02242434,0.02239109,0.02235785,0.0223246,0.02229136,0.02225811,0.02222486,0.02219162
2-Jul-19,0.02433255,0.02433371,0.02423251,0.02419427,0.02414329,0.02375114,0.02335036,0.02185821,0.02015364,0.0179756,0.01725017,0.01710978,0.01727749,0.01763634,0.01803875,0.01846947,0.01890551,0.01933233,0.01971426,0.02009582,0.02036764,0.02063795,0.02090826,0.02106046,0.02121165,0.02136284,0.02151403,0.02166522,0.02171934,0.02177264,0.02182595,0.02187925,0.02193255,0.02195139,0.02196993,0.02198846,0.022007,0.02202554,0.02199289,0.02195967,0.02192646,0.02189324,0.02186003,0.02182682,0.0217936,0.02176039,0.02172717,0.02169396
3-Jul-19,0.02458519,0.02473584,0.02443343,0.02430139,0.02412533,0.0237815,0.02327605,0.02179119,0.02008051,0.01791235,0.01717588,0.01701246,0.01714967,0.01746618,0.01782867,0.01822619,0.01864121,0.01905747,0.01942982,0.01980141,0.02006808,0.02033327,0.02059847,0.02075208,0.02090349,0.0210549,0.02120631,0.02135773,0.02141251,0.02146591,0.02151932,0.02157273,0.02162614,0.02164532,0.02166405,0.02168278,0.02170151,0.02172024,0.02168934,0.02165776,0.02162618,0.0215946,0.02156302,0.02153144,0.02149986,0.02146828,0.0214367,0.02140512
5-Jul-19,0.02433089,0.02441437,0.02419705,0.02413896,0.02406151,0.02375365,0.02338511,0.0222237,0.02089879,0.01895447,0.01820856,0.01797689,0.01807102,0.01835366,0.01869748,0.0190756,0.01947255,0.01985805,0.02022023,0.0205821,0.02084252,0.02110181,0.02136111,0.0215089,0.0216551,0.0218013,0.0219475,0.0220937,0.0221467,0.02219815,0.02224961,0.02230107,0.02235253,0.02236685,0.02238053,0.02239422,0.02240791,0.0224216,0.02238974,0.02235739,0.02232503,0.02229268,0.02226033,0.02222798,0.02219562,0.02216327,0.02213092,0.02209857
8-Jul-19,0.02681749,0.02524392,0.02442539,0.02434901,0.02424716,0.02400989,0.02361894,0.02236638,0.02098593,0.01906967,0.01833496,0.01810295,0.01818517,0.01844394,0.01876801,0.01912381,0.01950364,0.01987779,0.02022108,0.02056418,0.02080773,0.02105077,0.0212938,0.02143286,0.02157134,0.02170982,0.0218483,0.02198679,0.0220345,0.02208149,0.02212847,0.02217546,0.02222245,0.02223032,0.02223786,0.02224541,0.02225295,0.0222605,0.0222294,0.02219787,0.02216633,0.0221348,0.02210327,0.02207173,0.0220402,0.02200867,0.02197713,0.0219456
9-Jul-19,0.02633675,0.02508962,0.02437561,0.02427274,0.02413558,0.02392934,0.02361791,0.02246266,0.02110633,0.01921172,0.01851612,0.01830618,0.0183887,0.01864778,0.01893851,0.01928171,0.0196445,0.02000829,0.02034365,0.02067883,0.02092095,0.02116255,0.02140415,0.02154234,0.02167996,0.02181758,0.0219552,0.02209283,0.02213667,0.02218003,0.0222234,0.02226676,0.02231012,0.02231946,0.02232861,0.02233775,0.0223469,0.02235605,0.02232424,0.02229207,0.0222599,0.02222773,0.02219557,0.0221634,0.02213123,0.02209906,0.02206689,0.02203472
10-Jul-19,0.02483943,0.02453403,0.0242368,0.02416364,0.02406608,0.02395092,0.02354212,0.02204037,0.02047994,0.01858705,0.01799048,0.01789464,0.01808084,0.0184259,0.01882429,0.01924187,0.01966729,0.0200953,0.02047007,0.02084455,0.02111517,0.02138464,0.02165411,0.02180664,0.02195851,0.02211037,0.02226224,0.02241411,0.02246931,0.022524,0.02257869,0.02263339,0.02268808,0.0227027,0.0227171,0.02273151,0.02274592,0.02276033,0.0227273,0.02269401,0.02266072,0.02262743,0.02259414,0.02256085,0.02252756,0.02249427,0.02246098,0.02242769
11-Jul-19,0.02412972,0.02443528,0.02414595,0.02398194,0.02376326,0.02359381,0.02326861,0.02200384,0.02064214,0.0189375,0.01848958,0.01848866,0.018728,0.01911927,0.01953567,0.01998789,0.02042628,0.02085514,0.02122335,0.02159073,0.02185464,0.02211738,0.02238011,0.02252933,0.02267666,0.022824,0.02297133,0.02311866,0.02317061,0.02322152,0.02327242,0.02332333,0.02337423,0.02339039,0.02340617,0.02342196,0.02343774,0.02345353,0.02341778,0.02338146,0.02334515,0.02330883,0.02327252,0.0232362,0.02319988,0.02316357,0.02312725,0.02309094
12-Jul-19,0.02412816,0.02423411,0.02411773,0.02397503,0.02378476,0.02365882,0.02333761,0.02194723,0.02047465,0.01871443,0.01825685,0.01826269,0.01853913,0.01891568,0.01933781,0.01977972,0.02021945,0.02064844,0.02101592,0.02138276,0.02164307,0.02190217,0.02216128,0.02230994,0.02245707,0.0226042,0.02275133,0.02289846,0.022951,0.02300198,0.02305296,0.02310393,0.02315491,0.02316594,0.02317633,0.02318672,0.0231971,0.02320749,0.02317431,0.02314062,0.02310694,0.02307325,0.02303957,0.02300588,0.0229722,0.02293851,0.02290483,0.02287114
15-Jul-19,0.02433255,0.02432984,0.02403098,0.02385183,0.02361296,0.02340361,0.02305451,0.02171332,0.02028096,0.01847345,0.01798121,0.01794232,0.01816515,0.01853897,0.01894702,0.0193764,0.01982068,0.02024893,0.02061083,0.02097242,0.02123243,0.02149191,0.02175138,0.02190155,0.02205112,0.0222007,0.02235027,0.02249984,0.02255166,0.02260269,0.02265373,0.02270476,0.02275579,0.02276934,0.02278259,0.02279584,0.02280908,0.02282233,0.02279002,0.02275722,0.02272441,0.0226916,0.02265879,0.02262599,0.02259318,0.02256037,0.02252757,0.02249476
16-Jul-19,0.02433255,0.02434488,0.02402797,0.02379501,0.0234844,0.02333291,0.02293913,0.02178853,0.02040151,0.01864929,0.01819263,0.01816647,0.01838018,0.01873897,0.01912945,0.01954747,0.01996412,0.0203765,0.02072504,0.02107327,0.02132057,0.02156731,0.02181404,0.02195765,0.02210068,0.02224372,0.02238675,0.02252979,0.02257428,0.02261824,0.0226622,0.02270615,0.02275011,0.02276145,0.02277263,0.0227838,0.02279498,0.02280615,0.02277384,0.02274115,0.02270846,0.02267577,0.02264308,0.02261039,0.0225777,0.02254501,0.02251232,0.02247963
17-Jul-19,0.02633393,0.0249908,0.02414915,0.02387392,0.02350695,0.02329738,0.02287724,0.02174141,0.02020106,0.01825123,0.01770178,0.017648,0.01784786,0.01817984,0.0185588,0.01896129,0.01937667,0.01977814,0.02012304,0.02046764,0.0207158,0.02096291,0.02121003,0.02135246,0.02149429,0.02163612,0.02177795,0.02191977,0.02196703,0.02201375,0.02206048,0.0221072,0.02215392,0.0221655,0.02217688,0.02218827,0.02219965,0.02221104,0.02218059,0.02214992,0.02211926,0.02208859,0.02205792,0.02202726,0.02199659,0.02196593,0.02193526,0.02190459
18-Jul-19,0.02514354,0.02466588,0.02417982,0.02385245,0.02341596,0.02312634,0.0226737,0.02134067,0.01966078,0.01768964,0.01716967,0.01716067,0.01739846,0.01777148,0.01818922,0.01863131,0.0190696,0.01949805,0.01987141,0.02024403,0.02051476,0.02078439,0.02105402,0.02120756,0.02135918,0.0215108,0.02166242,0.02181403,0.02187104,0.02192699,0.02198294,0.0220389,0.02209485,0.02211372,0.02213217,0.02215062,0.02216907,0.02218751,0.02215439,0.02212068,0.02208697,0.02205326,0.02201955,0.02198584,0.02195212,0.02191841,0.0218847,0.02185099
22-Jul-19,0.02433255,0.02429462,0.02393626,0.02364438,0.0232552,0.02319006,0.02290864,0.0219526,0.02034736,0.01829402,0.01767526,0.01760485,0.01779097,0.01814901,0.01854097,0.01895964,0.01938181,0.01979873,0.02015489,0.02051072,0.02076684,0.02102239,0.02127794,0.0214281,0.02157765,0.02172721,0.02187677,0.02202632,0.0220771,0.02212702,0.02217695,0.02222687,0.0222768,0.02229198,0.02230688,0.02232177,0.02233667,0.02235156,0.02231952,0.02228695,0.02225438,0.02222181,0.02218925,0.02215668,0.02212411,0.02209154,0.02205897,0.0220264
23-Jul-19,0.0236529,0.02405766,0.02385014,0.0235566,0.0231652,0.0231062,0.02285564,0.02201815,0.02051519,0.01854148,0.01794554,0.01787527,0.01808193,0.01844488,0.01883977,0.01927275,0.01970468,0.02012175,0.02048366,0.02084526,0.02110143,0.02135701,0.02161258,0.02176291,0.02191264,0.02206237,0.0222121,0.02236182,0.02241351,0.02246463,0.02251575,0.02256687,0.02261799,0.02263426,0.02265035,0.02266643,0.02268251,0.0226986,0.02266446,0.02262993,0.0225954,0.02256087,0.02252633,0.0224918,0.02245727,0.02242274,0.02238821,0.02235368
24-Jul-19,0.02402839,0.02410734,0.02371845,0.02344994,0.02309194,0.02305601,0.02278194,0.02195952,0.02041388,0.01837728,0.01775002,0.01762413,0.01776903,0.01809891,0.01846607,0.01887806,0.01929814,0.01969332,0.02004859,0.02040365,0.020661,0.02091724,0.02117348,0.02132386,0.02147364,0.02162342,0.0217732,0.02192297,0.02197482,0.02202612,0.02207742,0.02212873,0.02218003,0.02219516,0.0222101,0.02222504,0.02223999,0.02225493,0.02222154,0.02218789,0.02215425,0.0221206,0.02208695,0.0220533,0.02201965,0.021986,0.02195235,0.0219187
25-Jul-19,0.02433255,0.02458985,0.02374898,0.02347564,0.02311119,0.02285206,0.02266493,0.0221598,0.02070383,0.01874504,0.01813415,0.01800463,0.01814716,0.01844643,0.01879047,0.01916917,0.01956523,0.01996176,0.02031389,0.02066537,0.02092196,0.0211775,0.02143303,0.02158264,0.02173047,0.0218783,0.02202612,0.02217395,0.02222401,0.02227297,0.02232193,0.02237089,0.02241985,0.02243668,0.02245317,0.02246965,0.02248614,0.02250262,0.02246855,0.02243392,0.0223993,0.02236467,0.02233005,0.02229542,0.02226079,0.02222617,0.02219154,0.02215692
26-Jul-19,0.02453367,0.02438902,0.02349005,0.02328287,0.02300665,0.02278263,0.02263463,0.02222858,0.02078862,0.01881989,0.01816198,0.01800049,0.01812392,0.0184243,0.01877994,0.01916989,0.01956239,0.01995379,0.02030551,0.02065674,0.02090817,0.0211585,0.02140882,0.02155949,0.02170878,0.02185808,0.02200738,0.02215667,0.02220903,0.02226059,0.02231214,0.0223637,0.02241526,0.02242659,0.0224376,0.0224486,0.02245961,0.02247061,0.02243831,0.02240554,0.02237277,0.02234,0.02230723,0.02227446,0.02224169,0.02220891,0.02217614,0.02214337
